-- phpMyAdmin SQL Dump
-- version 5.2.0
-- https://www.phpmyadmin.net/
--
-- Hôte : 127.0.0.1:3306
-- Généré le : mar. 21 nov. 2023 à 09:55
-- Version du serveur : 8.0.21
-- Version de PHP : 8.1.6

SET SQL_MODE = "NO_AUTO_VALUE_ON_ZERO";
START TRANSACTION;
SET time_zone = "+00:00";


/*!40101 SET @OLD_CHARACTER_SET_CLIENT=@@CHARACTER_SET_CLIENT */;
/*!40101 SET @OLD_CHARACTER_SET_RESULTS=@@CHARACTER_SET_RESULTS */;
/*!40101 SET @OLD_COLLATION_CONNECTION=@@COLLATION_CONNECTION */;
/*!40101 SET NAMES utf8mb4 */;

--
-- Base de données : `data-bd`
--

-- --------------------------------------------------------

--
-- Structure de la table `tblclient`
--

DROP TABLE IF EXISTS `tblclient`;
CREATE TABLE IF NOT EXISTS `tblclient` (
  `clientId` int NOT NULL AUTO_INCREMENT,
  `clientDate` date DEFAULT NULL,
  `clientNom` varchar(255) CHARACTER SET utf8mb4 COLLATE utf8mb4_bin DEFAULT NULL,
  `clientPrenom` varchar(255) CHARACTER SET utf8mb4 COLLATE utf8mb4_bin DEFAULT NULL,
  `clientCatNum` int DEFAULT '0',
  `clientAdresse` varchar(255) CHARACTER SET utf8mb4 COLLATE utf8mb4_bin DEFAULT NULL,
  `clientAdresse2` varchar(255) CHARACTER SET utf8mb4 COLLATE utf8mb4_bin DEFAULT NULL,
  `clientCP` varchar(255) CHARACTER SET utf8mb4 COLLATE utf8mb4_bin DEFAULT NULL,
  `clientVille` varchar(255) CHARACTER SET utf8mb4 COLLATE utf8mb4_bin DEFAULT NULL,
  `clientPays` varchar(255) CHARACTER SET utf8mb4 COLLATE utf8mb4_bin DEFAULT 'FRANCE',
  `clientMail` varchar(255) CHARACTER SET utf8mb4 COLLATE utf8mb4_bin DEFAULT NULL,
  `clientTel` varchar(255) CHARACTER SET utf8mb4 COLLATE utf8mb4_bin DEFAULT NULL,
  `clientOnline` tinyint DEFAULT '0',
  PRIMARY KEY (`clientId`)
) ENGINE=MyISAM AUTO_INCREMENT=70 DEFAULT CHARSET=utf8mb4 COLLATE=utf8mb4_bin;

--
-- Déchargement des données de la table `tblclient`
--

INSERT INTO `tblclient` (`clientId`, `clientDate`, `clientNom`, `clientPrenom`, `clientCatNum`, `clientAdresse`, `clientAdresse2`, `clientCP`, `clientVille`, `clientPays`, `clientMail`, `clientTel`, `clientOnline`) VALUES
(1, '2016-09-02', 'Lennon', 'John', 1, 'le bourg', '', '24360', 'varaignes', 'France', 'john.lennon@nomail.com', '05 36 34 10 46', 1),
(2, '2013-07-07', 'Harrison', 'George', 2, '5 rue de l eglise', '', '25290', 'epeugney', 'France', 'george.harrison@nomail.com', '01 83 42 77 23', 1),
(3, '2015-02-18', 'Best', 'Pete', 2, '47 grande rue', '', '25520', 'goux les usiers', 'France', 'pete.best@nomail.com', '01 54 46 38 45', 1),
(4, '2014-06-29', 'McCartney', 'Paul', 2, '9 le beugnon', '', '25570', 'grand combe chateleu', 'France', 'paul.mccartney@nomail.com', '03 05 92 83 18', 1),
(5, '2013-04-03', 'Starr', 'Ringo', 1, '12 route de la poste', '', '25370', 'les hopitaux neufs', 'France', 'ringo.starr@nomail.com', '03 60 86 46 17', 1),
(6, '2016-04-25', 'Sutcliffe', 'Stuart', 2, '13 rue ambroise roy', 'mairie', '25930', 'lods', 'France', 'stuart.sutcliffe@nomail.com', '01 84 44 87 24', 1),
(7, '2012-07-07', 'Gilmour', 'David', 1, '8 rue de l europe', '', '25700', 'mathay', 'France', 'david.gilmour@nomail.com', '05 31 92 72 68', 1),
(8, '2015-08-23', 'Barrett', 'Syd', 1, '4 a rue de la communaute', '', '25480', 'miserey salines', 'France', 'syd.barrett@nomail.com', '05 07 24 19 34', 1),
(9, '2015-01-28', 'Mason', 'Nick', 1, '12 grande rue', '', '25190', 'montecheroux', 'France', 'nick.mason@nomail.com', '04 81 88 23 41', 1),
(10, '2015-06-12', 'Waters', 'Roger', 1, '28 rue de besancon', '', '25320', 'montferrand le chateau', 'France', 'roger.waters@nomail.com', '01 99 15 51 87', 1),
(11, '2014-09-09', 'Wright', 'Richard', 1, 'grande rue', '', '26200', 'ancone', 'France', 'richard.wright@nomail.com', '02 67 43 52 80', 1),
(12, '2016-03-13', 'Stipe', 'Michael', 1, 'place de la poste', '', '26400', 'aouste sur sye', 'France', 'michael.stipe@nomail.com', '03 88 13 37 78', 1),
(13, '2012-09-02', 'Mills', 'Mike', 1, 'grande rue jean jaures', '', '26300', 'bourg de peage', 'France', 'mike.mills@nomail.com', '03 48 14 14 71', 1),
(14, '2014-05-06', 'Buck', 'Peter', 1, '3 rue des remparts', 'le bourg', '26300', 'chateauneuf sur isere', 'France', 'peter.buck@nomail.com', '04 17 24 19 81', 1),
(15, '2016-09-26', 'Berry', 'Bill', 2, 'le bourg', '', '26110', 'condorcet', 'France', 'bill.berry@nomail.com', '02 72 64 99 86', 1),
(16, '2016-01-07', 'Tyler', 'Steven', 1, 'place de la republique', 'residence marianne', '26800', 'etoile sur rhone', 'France', 'steven.tyler@nomail.com', '01 27 17 20 20', 1),
(17, '2015-01-18', 'Hamilton', 'Tom', 1, 'place georges perriod', 'epicerie la marjolaine', '26700', 'la garde adhemar', 'France', 'tom.hamilton@nomail.com', '02 13 16 17 30', 1),
(18, '2012-06-22', 'Perry', 'Joe', 2, 'place du champ de mars', '', '26310', 'luc en diois', 'France', 'joe.perry@nomail.com', '02 19 53 69 33', 1),
(19, '2015-05-04', 'Kramer', 'Joey', 2, '2 place de la mairie', '', '26120', 'montvendre', 'France', 'joey.kramer@nomail.com', '01 51 81 62 65', 1),
(20, '2013-03-15', 'Whitford', 'Brad', 2, 'le village', '', '26210', 'moras en valloire', 'France', 'brad.whitford@nomail.com', '03 15 70 72 29', 1),
(22, '2015-04-04', 'Densmore', 'John', 2, '11 rue du vercors', '', '26240', 'st barthelemy de vals', 'France', 'john.densmore@nomail.com', '03 07 03 33 62', 1),
(23, '2014-06-12', 'Manzarek', 'Ray', 2, 'le village', 'mairie', '26420', 'st julien en vercors', 'France', 'ray.manzarek@nomail.com', '04 97 03 22 61', 1),
(24, '2016-01-11', 'Krieger', 'Robby', 1, 'quartier la rosiere', '', '26560', 'sederon', 'France', 'robby.krieger@nomail.com', '03 05 41 04 58', 1),
(25, '2016-07-25', 'Gibbons', 'Billy', 1, 'place du 11 novembre', '', '26770', 'taulignan', 'France', 'billy.gibbons@nomail.com', '04 78 92 17 41', 1),
(26, '2012-04-09', 'Beard', 'Frank', 1, 'le bourg', '', '26230', 'valaurie', 'France', 'frank.beard@nomail.com', '03 81 12 23 56', 1),
(27, '2014-02-05', 'Hill', 'Dusty', 1, '5 b pl jean etienne championnet', '', '26000', 'valence', 'France', 'dusty.hill@nomail.com', '03 49 67 95 52', 1),
(28, '2014-03-19', 'Osbourne', 'Ozzy', 1, '77 route de gisors', '', '27660', 'bezu st eloi', 'France', 'ozzy@studiofanmail.com', '01 10 62 26 90', 1),
(29, '2016-01-19', 'Ward', 'Bill', 2, 'place du roumois', '', '27670', 'le bosc roger en roumois', 'France', 'bill.ward@nomail.com', '03 54 66 60 59', 1),
(30, '2015-05-11', 'Nicholls', 'Geoff', 1, '32 rue de sacquenville', '', '27000', 'evreux', 'France', 'geoff.nicholls@nomail.com', '03 57 38 72 77', 1),
(31, '2016-09-06', 'Iommi', 'Tony', 1, '17 grande rue', '', '27310', 'bourg achard', 'France', 'tony.iommi@nomail.com', '02 74 37 99 69', 1),
(32, '2015-05-12', 'Butler', 'Geezer', 1, '53 place pillon de buhorel', '', '27160', 'breteuil', 'France', 'geezer.butler@nomail.com', '01 24 95 79 07', 1),
(33, '2016-04-23', 'Mercury', 'Freddie', 1, '1320 av blanquette', 'tabac/superette', '27500', 'corneville sur risle', 'France', 'freddie.mercury@nomail.com', '01 56 17 25 34', 1),
(34, '2016-01-17', 'May', 'Brian', 2, '815 rue du village', '', '27340', 'criquebeuf sur seine', 'France', 'brian.may@nomail.com', '04 06 33 59 95', 1),
(35, '2014-01-06', 'Taylor', 'Roger', 2, '52 rue sylvain lagescarde', '', '27240', 'damville', 'France', 'roger.taylor@nomail.com', '01 68 99 43 44', 1),
(36, '2016-08-24', 'Deacon', 'John', 1, '18 chaussee louis xiii', '', '27720', 'dangu', 'France', 'john.deacon@nomail.com', '04 53 65 50 56', 1),
(37, '2015-04-24', 'Page', 'Jimmy', 1, '4 place de l eglise', '', '27480', 'fleury la foret', 'France', 'jimmy.page@nomail.com', '05 26 84 38 28', 1),
(38, '2012-04-21', 'Plant', 'Robert', 1, '2 rue augustin leonard', '', '27380', 'fleury sur andelle', 'France', 'robert.plant@nomail.com', '01 90 77 39 44', 1),
(39, '2015-02-13', 'Jones', 'John Paul', 2, '9 rue des flandres', '', '27460', 'le manoir', 'France', 'john-paul.jones@nomail.com', '01 28 61 06 05', 1),
(41, '2014-01-02', 'Young', 'Malcolm', 1, '15 rue des carmes', '', '27500', 'pont audemer', 'France', 'malcolm.young@nomail.com', '01 71 29 24 68', 1),
(42, '2016-08-29', 'Young', 'Angus', 1, 'place maurice legoux', 'mairie', '27110', 'quittebeuf', 'France', 'angus.young@nomail.com', '02 65 14 80 50', 1),
(43, '2015-08-15', 'Johnson', 'Brian', 2, '1 rue du general de gaulle', '', '27250', 'rugles', 'France', 'brian.johnson@nomail.com', '03 18 22 31 56', 1),
(44, '2015-01-06', 'Williams', 'Cliff', 2, '28 rue du general de gaulle', '', '27100', 'le vaudreuil', 'France', 'cliff.williams@nomail.com', '04 47 64 25 35', 1),
(45, '2016-06-14', 'Rudd', 'Phil', 2, '19 rue du 18 juin 1940', '', '27180', 'st sebastien de morsent', 'France', 'phil.rudd@nomail.com', '04 53 56 69 59', 1),
(46, '2014-09-29', 'Hutchence', 'Michael', 1, '2 place d evreux', '', '27200', 'vernon', 'France', 'michael.hutchence@nomail.com', '01 33 10 78 45', 1),
(47, '2012-01-28', 'Farriss', 'Jon', 1, '20 rue de la sablonniere', '', '28100', 'dreux', 'France', 'jon.farriss@nomail.com', '05 98 25 56 71', 1),
(48, '2014-09-02', 'Farriss', 'Andrew', 1, '1 place albert ruelle', '', '37140', 'la chapelle sur loire', 'France', 'andrew.farriss@nomail.com', '03 18 02 49 66', 1),
(49, '2013-09-03', 'Pengilly', 'Kirk', 2, '1 place de la mairie', '', '37350', 'chaumussay', 'France', 'kirk.pengilly@nomail.com', '01 43 91 85 71', 1),
(50, '2014-01-08', 'Farriss', 'Tim', 2, '3 place de la mairie', '', '37150', 'chenonceaux', 'France', 'tim.farriss@nomail.com', '03 23 75 54 69', 1),
(51, '2014-02-03', 'Beers', 'Garry Gary', 2, '18 b route de la chaussee', '', '37500', 'st germain sur vienne', 'France', 'garry gary.beers@nomail.com', '02 92 63 35 63', 1),
(52, '2012-07-08', 'Garrett', 'Peter', 2, '3 place du 11 novembre', '', '37130', 'st michel sur loire', 'France', 'peter.garrett@nomail.com', '01 53 66 03 45', 1),
(53, '2014-02-25', 'Rotsey', 'Martin', 1, '8 rue jules gautier', '', '37530', 'st ouen les vignes', 'France', 'martin.rotsey@nomail.com', '02 27 92 95 74', 1),
(55, '2014-03-11', 'Hillman', 'Bones', 1, '3 rue baratiere', 'hair du sud', '37360', 'sonzay', 'France', 'bones.hillman@nomail.com', '03 00 62 96 49', 1),
(56, '2012-08-29', 'Moginie', 'Jim', 2, '1 rue de l  eglise', '', '37120', 'la tour st gelin', 'France', 'jim.moginie@nomail.com', '03 40 59 79 66', 1),
(57, '2016-02-13', 'Knopfler', 'Mark', 1, 'Paul Crockford Management', '10 Tottenham Mews', 'W1T 4AF', 'London', 'Grande Bretagne', 'mark.knopfler@nomail.com', '05 44 19 72 65', 1),
(58, '2012-06-12', 'Illsley', 'John', 2, 'grande rue', 'commerce tabac presse', '38530', 'barraux', 'France', 'john.illsley@nomail.com', '05 73 92 14 01', 1),
(59, '2013-07-17', 'Clark', 'Alan', 1, '6 place general de gaulle', '', '38300', 'bourgoin jallieu', 'France', 'alan.clark@nomail.com', '02 22 22 46 85', 1),
(60, '2016-01-27', 'White', 'Chris', 1, 'le village', '', '38500', 'la buisse', 'France', 'chris.white@nomail.com', '03 60 31 70 15', 1),
(61, '2016-02-21', 'Hagen', 'Nina', 1, 'rue de la republique', '', '38160', 'chatte', 'France', 'nina.hagen@nomail.com', '04 78 14 45 73', 1),
(62, '2012-09-13', 'Meine', 'Klaus', 1, 'place st joseph rossat', 'mairie', '38850', 'chirens', 'France', 'klaus.meine@nomail.com', '03 20 98 00 04', 1),
(64, '2014-03-07', 'Jabs', 'Matthias', 1, 'square du souvenir', '', '38138', 'les cotes d arey', 'France', 'matthias.jabs@nomail.com', '03 75 21 39 38', 1),
(65, '2016-05-28', 'Kottak', 'James', 2, 'rue emile blanc', '', '38420', 'domene', 'France', 'james.kottak@nomail.com', '03 29 49 51 56', 1),
(66, '2015-05-12', 'Rieckermann', 'Ralph', 1, '1place de la mairie', '', '38740', 'entraigues', 'France', 'ralph.rieckermann@nomail.com', '01 72 49 97 72', 1);

-- --------------------------------------------------------

--
-- Structure de la table `tblclientcat`
--

DROP TABLE IF EXISTS `tblclientcat`;
CREATE TABLE IF NOT EXISTS `tblclientcat` (
  `itmCatId` int NOT NULL AUTO_INCREMENT,
  `itmCatTitre` varchar(255) CHARACTER SET utf8mb4 COLLATE utf8mb4_bin DEFAULT NULL,
  `itmCatOnline` int DEFAULT '0',
  `itmCatClass` int DEFAULT '0',
  `itmCatParent` int DEFAULT '0',
  PRIMARY KEY (`itmCatId`)
) ENGINE=MyISAM AUTO_INCREMENT=6 DEFAULT CHARSET=utf8mb4 COLLATE=utf8mb4_bin;

--
-- Déchargement des données de la table `tblclientcat`
--

INSERT INTO `tblclientcat` (`itmCatId`, `itmCatTitre`, `itmCatOnline`, `itmCatClass`, `itmCatParent`) VALUES
(1, 'Standard', 1, 0, 0),
(2, 'Premium', 1, 0, 0),
(3, 'Fournisseurs', 1, 0, 0),
(4, 'Administratif', 1, 0, 0),
(5, 'Juridique', 1, 0, 0);

-- --------------------------------------------------------

--
-- Structure de la table `tblproduit`
--

DROP TABLE IF EXISTS `tblproduit`;
CREATE TABLE IF NOT EXISTS `tblproduit` (
  `itmId` int NOT NULL AUTO_INCREMENT,
  `itmTitre` varchar(255) CHARACTER SET utf8mb4 COLLATE utf8mb4_bin DEFAULT NULL,
  `itmSerie` varchar(255) CHARACTER SET utf8mb4 COLLATE utf8mb4_bin DEFAULT NULL,
  `itmTome` smallint DEFAULT NULL,
  `itmImg` varchar(255) CHARACTER SET utf8mb4 COLLATE utf8mb4_bin DEFAULT NULL,
  `itmEditeur` varchar(255) CHARACTER SET utf8mb4 COLLATE utf8mb4_bin DEFAULT NULL,
  `itmCollection` varchar(255) CHARACTER SET utf8mb4 COLLATE utf8mb4_bin DEFAULT NULL,
  `itmScenariste` varchar(255) CHARACTER SET utf8mb4 COLLATE utf8mb4_bin DEFAULT NULL,
  `itmPrix` decimal(6,2) DEFAULT NULL,
  `itmDate` date DEFAULT NULL,
  `itmOnline` tinyint DEFAULT '0',
  `itmCatNum` int DEFAULT '0',
  PRIMARY KEY (`itmId`)
) ENGINE=MyISAM AUTO_INCREMENT=2162 DEFAULT CHARSET=utf8mb4 COLLATE=utf8mb4_bin;

--
-- Déchargement des données de la table `tblproduit`
--

INSERT INTO `tblproduit` (`itmId`, `itmTitre`, `itmSerie`, `itmTome`, `itmImg`, `itmEditeur`, `itmCollection`, `itmScenariste`, `itmPrix`, `itmDate`, `itmOnline`, `itmCatNum`) VALUES
(1, 'Le Journal d\'une emmerdeuse', 'Anita Bomba', 0, '1.jpg', 'Akileos', '', 'Gratien, Eric', '22.00', '2015-02-25', 1, 1),
(2, 'A quoi ça rime', 'Plantu', 0, '2.jpg', 'Seuil', '', 'Plantu', '15.20', '2016-12-28', 1, 1),
(382, 'Le rêve du taureau rouge', 'La reine celte', 2, '382.jpg', 'J C Lattès', NULL, 'Manda Scott', '18.05', '2016-02-19', 1, 4),
(383, 'Le rêve du chien', 'La reine celte', 3, '383.jpg', 'J C Lattès', NULL, 'Manda Scott', '19.00', '2016-11-14', 1, 4),
(4, 'Tome 1', '6000', 1, '4.jpg', 'Komikku Editions', '', 'Koike, Nokuto', '7.90', '2015-08-13', 1, 2),
(5, 'Tome 2', '6000', 2, '5.jpg', 'Komikku Editions', '', 'Koike, Nokuto', '7.90', '2016-11-29', 1, 2),
(6, 'Tome 3', '6000', 3, '6.jpg', 'Komikku Editions', '', 'Koike, Nokuto', '9.99', '2016-07-02', 1, 2),
(7, 'Tome 4', '6000', 4, '7.jpg', 'Komikku Editions', '', 'Koike, Nokuto', '7.90', '2016-08-25', 1, 2),
(8, 'Intégrale 1', 'Alef-Thau', 0, '8.jpg', 'Les Humanoïdes Associés', '', 'Jodorowsky, Alexandro', '9.99', '2016-03-07', 1, 1),
(9, 'L\'empereur boiteux', 'Alef-Thau', 5, '9.jpg', 'Les Humanoïdes Associés', 'Eldorado', 'Jodorowsky, Alexandro', '9.99', '2015-02-16', 1, 1),
(10, 'L\'homme sans réalité', 'Alef-Thau', 6, '10.jpg', 'Les Humanoïdes Associés', 'Eldorado', 'Jodorowsky, Alexandro', '9.99', '2015-09-25', 1, 1),
(11, 'Les amis de Pancho Villa', 'Amis de Pancho Villa (Les)', 0, '11.jpg', 'Casterman', 'Rivages/Casterman/Noir', 'Chemineau, Léonard', '18.00', '2015-12-03', 1, 1),
(12, 'Au revoir Phnom Penh', 'Année du lièvre (L\')', 1, '12.jpg', 'Gallimard', 'Bayou', 'Tian', '17.00', '2016-08-12', 1, 1),
(13, 'Ne vous inquiétez pas', 'Année du lièvre (L\')', 2, '13.jpg', 'Gallimard', 'Bayou', 'Tian', '17.25', '2016-11-02', 1, 1),
(14, 'Un nouveau départ', 'Année du lièvre (L\')', 3, '14.jpg', 'Gallimard', 'Bayou', 'Tian', '17.90', '2016-02-02', 1, 1),
(15, 'L\'intégrale', 'Années Spoutnik (Les)', 0, '15.jpg', 'Casterman', 'Haute Densité', 'Baru', '16.00', '2016-09-24', 1, 1),
(16, 'L\'anniversaire de Kim Jong-Il ', 'Anniversaire de Kim Jong-Il (L\')', 0, '16.jpg', 'Delcourt', 'Mirages', 'Ducoudray, Aurélien', '17.95', '2016-05-14', 1, 1),
(17, 'L\'arbre-coeur', 'Arbre-coeur (L\')', 0, '17.jpg', 'Casterman', 'Les Romans (A Suivre)', 'Comès, Didier', '9.99', '2015-08-15', 1, 1),
(18, 'El arte de volar', 'Arte de volar (El)', 0, '18.jpg', 'Edicions de Ponent', 'Col.leció Mercat', 'Altarriba, Antonio', '34.00', '2016-06-22', 1, 1),
(19, 'Le combat des chefs', 'Astérix', 7, '19.jpg', 'Dargaud', '', 'Goscinny, René', '9.99', '2016-01-05', 1, 1),
(20, 'Obélix et compagnie', 'Astérix', 23, '20.jpg', 'Dargaud', '', 'Goscinny, René', '9.99', '2016-06-16', 1, 1),
(21, 'La rose et le glaive', 'Astérix', 29, '21.jpg', 'Les Editions Albert René', '', 'Uderzo, Albert', '9.99', '2015-10-13', 1, 1),
(22, 'El combate de los jefes', 'Astérix (en espagnol)', 7, '22.jpg', 'Grijalbo - Dargaud', '', 'Goscinny, René', '9.99', '2015-01-29', 1, 1),
(23, 'L\'autoroute du soleil', 'Autoroute du soleil (L\')', 0, '23.jpg', 'Casterman', 'écritures', 'Baru', '9.99', '2016-04-27', 1, 1),
(24, 'Les Aventuriers du temps perdu', 'Azimut', 1, '24.jpg', NULL, NULL, NULL, '13.90', '2016-10-12', 1, 1),
(25, 'Todo Barrio', 'Barrio (en espagnol)', 0, '25.jpg', 'Debols!llo', '', 'Gimenez, Carlos', '17.20', '2015-02-05', 1, 1),
(26, 'La belle mort', 'Belle mort (La)', 0, '26.jpg', 'Ankama Editions', '', 'Bablet, Mathieu', '17.90', '2016-03-15', 1, 1),
(27, 'Quelque part entre les ombres', 'Blacksad', 1, '27.jpg', 'Dargaud', '', 'DÁ­az Canalès, Juan', '9.99', '2016-07-12', 1, 1),
(28, 'Arctic-Nation', 'Blacksad', 2, '28.jpg', 'Dargaud', '', 'DÁ­az Canalès, Juan', '9.99', '2016-12-16', 1, 1),
(29, 'Âme Rouge', 'Blacksad', 3, '29.jpg', 'Dargaud', '', 'DÁ­az Canalès, Juan', '13.99', '2015-02-19', 1, 1),
(30, 'L\'Enfer, le silence', 'Blacksad', 4, '30.jpg', 'Dargaud', '', 'DÁ­az Canalès, Juan', '13.50', '2016-05-17', 1, 1),
(31, 'Amarillo', 'Blacksad', 5, '31.jpg', 'Dargaud', '', 'DÁ­az Canalès, Juan', '13.99', '2015-05-27', 1, 1),
(32, 'Grasse Carcasse', 'Blast', 1, '32.jpg', 'Dargaud', '', 'Larcenet, Manu', '22.00', '2016-01-16', 1, 1),
(33, 'L\'apocalypse selon Saint Jacky', 'Blast', 2, '33.jpg', 'Dargaud', '', 'Larcenet, Manu', '22.90', '2015-05-09', 1, 1),
(34, 'La tête la première', 'Blast', 3, '34.jpg', 'Dargaud', '', 'Larcenet, Manu', '22.90', '2016-03-27', 1, 1),
(35, 'Pourvu que les bouddhistes se trompent', 'Blast', 4, '35.jpg', 'Dargaud', '', 'Larcenet, Manu', '22.90', '2015-07-20', 1, 1),
(36, 'Tome 1', 'Bois des Vierges (Le)', 1, '36.jpg', 'Robert Laffont', '', 'Dufaux, Jean', '14.15', '2016-11-10', 1, 1),
(37, 'Loup', 'Bois des Vierges (Le)', 2, '37.jpg', 'Delcourt', '', 'Dufaux, Jean', '13.95', '2015-12-13', 1, 1),
(38, 'Epousailles', 'Bois des Vierges (Le)', 3, '38.jpg', 'Delcourt', '', 'Dufaux, Jean', '14.50', '2015-01-05', 1, 1),
(39, 'Tome 1', 'Bots', 1, '39.jpg', 'Ankama Editions', '', 'Ducoudray, Aurélien', '10.00', '2016-01-05', 1, 1),
(40, 'Premier cycle', 'Canardo', 0, '40.jpg', 'Casterman', 'Haute densité', 'Sokal, Benoît', '16.00', '2015-06-24', 1, 1),
(41, 'Deuxième cycle', 'Canardo', 0, '41.jpg', 'Casterman', 'Haute densité', 'Sokal, Benoît', '16.00', '2015-05-15', 1, 1),
(42, 'La Bible selon le Chat', 'Chat (Le)', 18, '42.jpg', 'Casterman', '', 'Geluck, Philippe', '14.95', '2015-01-23', 1, 1),
(43, 'Chernóbil - La zona', 'Chernóbil - La Zona', 0, '43.jpg', 'Glénat', 'Novela Grafica', 'Sanchez, Francisco', '17.95', '2015-09-27', 1, 1),
(44, 'Le Chevalier à la Licorne', 'Chevalier à la Licorne (Le)', 0, '44.jpg', 'Soleil Productions', 'Quadrants', 'Piatzszek, Stéphane', '14.95', '2016-12-03', 1, 1),
(45, 'Chroniques de Jérusalem', 'Chroniques de Jérusalem', 0, '45.jpg', 'Delcourt', 'Shampooing', 'Delisle, Guy', '25.00', '2016-05-05', 1, 1),
(46, 'Livre 1/2', 'Cité des Chiens (La)', 1, '46.jpg', 'Akileos', '', 'Radomski, Yohan', '15.00', '2016-10-30', 1, 1),
(47, 'Le Secret de Cixi - Intégrale', 'Cixi de Troy', 0, '47.jpg', 'Soleil Productions', '', 'Arleston, Scotch', '25.00', '2016-02-24', 1, 1),
(48, 'Come Prima', 'Come Prima', 0, '48.jpg', 'Delcourt', 'Mirages', 'Alfred', '25.50', '2015-10-18', 1, 1),
(49, 'L\'intégrale', 'Comix remix', 0, '49.jpg', 'Dupuis', '', 'Bourhis, Hervé', '29.90', '2015-03-13', 1, 1),
(50, 'Commando Colonial', 'Commando colonial', 0, '50.jpg', 'Dargaud', 'Poisson Pilote', 'Appollo', '25.00', '2015-11-18', 1, 1),
(51, 'Como viaja el Água', 'Como viaja el Água', 0, '51.jpg', 'Astiberri', 'Sillón Orejero', 'Díaz Canalès, Juan', '9.99', '2016-12-06', 1, 1),
(52, 'Sioban', 'Complainte des Landes perdues', 1, '52.jpg', 'Dargaud', '', 'Dufaux, Jean', '9.99', '2016-02-16', 1, 1),
(53, 'Blackmore', 'Complainte des Landes perdues', 2, '53.jpg', 'Dargaud', '', 'Dufaux, Jean', '9.99', '2015-07-21', 1, 1),
(54, 'Dame Gerfaut', 'Complainte des Landes perdues', 3, '54.jpg', 'Dargaud', '', 'Dufaux, Jean', '9.99', '2015-01-13', 1, 1),
(55, 'Kyle of Klanach', 'Complainte des Landes perdues', 4, '55.jpg', 'Dargaud', '', 'Dufaux, Jean', '9.99', '2016-11-21', 1, 1),
(56, 'Les Celtiques', 'Corto Maltese', 6, '56.jpg', 'Casterman', '', 'Pratt, Hugo', '9.99', '2015-03-16', 1, 1),
(57, 'Sous le signe du capricorne', 'Corto Maltese (coffret)', 0, '57.jpg', NULL, NULL, NULL, '99.00', '2016-01-14', 1, 1),
(58, 'Le Crépuscule des idiots', 'Crépuscule des idiots (Le)', 0, '58.jpg', 'Casterman', '', 'Krassinsky, Jean-Paul', '25.95', '2015-05-09', 1, 1),
(59, 'Actes I - II - III', 'De Cape et de Crocs', 0, '59.jpg', 'France Loisirs', '', 'Ayroles, Alain', '9.99', '2016-04-25', 1, 1),
(60, 'Actes IV - V - VI', 'De Cape et de Crocs', 0, '60.jpg', 'France Loisirs', '', 'Ayroles, Alain', '9.99', '2016-02-06', 1, 1),
(61, 'Actes VII - VIII', 'De Cape et de Crocs', 0, '61.jpg', 'France Loisirs', '', 'Ayroles, Alain', '9.99', '2016-08-17', 1, 1),
(62, 'Actes IX - X', 'De Cape et de Crocs', 0, '62.jpg', 'France Loisirs', '', 'Ayroles, Alain', '15.00', '2016-10-07', 1, 1),
(63, 'Vingt mois avant', 'De Cape et de Crocs', 11, '63.jpg', 'Delcourt', 'Terres de Légendes', 'Ayroles, Alain', '13.95', '2016-08-05', 1, 1),
(64, 'Tome 1', 'Déconfiture (La)', 1, '64.jpg', 'Futuropolis', '', 'Rabaté, Pascal', '19.00', '2016-11-19', 1, 1),
(65, 'Le der des ders', 'Der des ders (Le)', 0, '65.jpg', 'Casterman', '', 'Daeninckx, Didier', '9.99', '2015-08-08', 1, 1),
(66, 'Prologue : La rumeur des eaux', 'Dernier loup d\'Oz (Le)', 1, '66.jpg', 'Delcourt', 'Terres de Légendes', 'Lidwine', '9.99', '2015-06-04', 1, 1),
(67, 'Les derniers jours d\'Ellis Cutting', 'Derniers jours d\'Ellis Cutting (Les)', 0, '67.jpg', 'Gallimard', 'Bayou', 'Vieille, Thomas', '16.50', '2015-04-15', 1, 1),
(68, 'Les chiens meurent en hiver', 'Durango', 1, '68.jpg', 'Alpen Publishers', '', 'Swolfs, Yves', '9.99', '2016-09-30', 1, 1),
(69, 'Les forces de la colère', 'Durango', 2, '69.jpg', 'Alpen Publishers', '', 'Swolfs, Yves', '9.99', '2015-12-30', 1, 1),
(70, 'Piège pour un tueur', 'Durango', 3, '70.jpg', 'Alpen Publishers', '', 'Swolfs, Yves', '9.99', '2016-05-14', 1, 1),
(71, 'Amos', 'Durango', 4, '71.jpg', 'Alpen Publishers', '', 'Swolfs, Yves', '9.99', '2015-04-19', 1, 1),
(72, 'Sierra sauvage', 'Durango', 5, '72.jpg', 'Alpen Publishers', '', 'Swolfs, Yves', '9.99', '2015-09-08', 1, 1),
(73, 'Le destin d\'un desperado', 'Durango', 6, '73.jpg', 'Alpen Publishers', '', 'Swolfs, Yves', '9.99', '2015-03-29', 1, 1),
(74, 'Loneville', 'Durango', 7, '74.jpg', 'Alpen Publishers', '', 'Swolfs, Yves', '9.99', '2015-03-07', 1, 1),
(75, 'Une raison pour mourir', 'Durango', 8, '75.jpg', 'Alpen Publishers', '', 'Swolfs, Yves', '9.99', '2016-01-24', 1, 1),
(76, 'L\'or de Duncan', 'Durango', 9, '76.jpg', 'Alpen Publishers', '', 'Swolfs, Yves', '9.99', '2015-12-19', 1, 1),
(77, 'La proie des chacals', 'Durango', 10, '77.jpg', 'Alpen Publishers', '', 'Swolfs, Yves', '9.99', '2015-11-20', 1, 1),
(78, 'En descendant le fleuve et autres histoires', 'En descendant le fleuve et autres histoires', 0, '78.jpg', 'Futuropolis', '', 'Gipi', '19.00', '2015-05-28', 1, 1),
(79, 'L\'enragé - Intégrale', 'Enragé (L\')', 0, '79.jpg', 'Dupuis', 'Aire Libre', 'Baru', '24.00', '2015-08-19', 1, 1),
(80, 'Intégrale 40 ans', 'Epées de verre (Les)', 0, '80.jpg', 'Les Humanoïdes Associés', '', 'Corgiat, Sylviane', '24.00', '2015-11-06', 1, 1),
(81, 'Esterio notte', 'Esterio notte', 0, '81.jpg', 'Coconino Press', '', 'Gipi', '22.70', '2015-12-04', 1, 1),
(378, 'La neige et la cendre', 'Le cercle de pierre', 7, '378.jpg', 'Presses de la Cité', NULL, 'Diana Gabaldon', '20.50', '2016-06-29', 1, 4),
(379, 'Les canons de la liberté', 'Le cercle de pierre', 8, '379.jpg', 'Presses de la Cité', NULL, 'Diana Gabaldon', '20.50', '2016-05-15', 1, 4),
(83, 'L\'étoile du désert 1', 'Etoile du désert (L\')', 1, '83.jpg', 'Dargaud', '', 'Desberg, Stephen', '9.99', '2015-08-14', 1, 1),
(84, 'Fais péter les basses, Bruno!', 'Fais péter les basses, Bruno!', 0, '84.jpg', 'Futuropolis', '', 'Baru', '20.00', '2015-11-25', 1, 1),
(85, 'Rwanda 1994', 'Fantaisie des Dieux (La)', 0, '85.jpg', 'Les Arènes', '', 'De Saint-Exupéry, Patrick', '19.90', '2016-08-24', 1, 1),
(86, 'Le mauvais sort', 'Fulù', 1, '86.jpg', 'Glénat', 'Grafica', 'Trillo, Carlos', '9.99', '2016-03-26', 1, 1),
(87, 'La danse des Dieux', 'Fulù', 2, '87.jpg', 'Glénat', 'Grafica', 'Trillo, Carlos', '9.99', '2015-10-06', 1, 1),
(88, 'Dans l\'ombre du désir', 'Fulù', 3, '88.jpg', 'Glénat', 'Grafica', 'Trillo, Carlos', '9.99', '2015-12-01', 1, 1),
(89, 'La mer, la liberté', 'Fulù', 4, '89.jpg', 'Glénat', 'Grafica', 'Trillo, Carlos', '9.99', '2015-11-30', 1, 1),
(90, 'La source de vie', 'Fulù', 5, '90.jpg', 'Glénat', 'Grafica', 'Trillo, Carlos', '9.99', '2015-11-26', 1, 1),
(91, 'Fun home', 'Fun home - C\'est toi ma maman ?', 0, '91.jpg', 'Denoël', 'Denoël Graphic', 'Bechdel, Alison', '20.30', '2016-09-24', 1, 1),
(92, 'Garduno, en temps de paix', 'Garduno', 1, '92.jpg', 'Les Requins Marteaux', '', 'Squarzoni, Philippe', '9.99', '2015-07-13', 1, 1),
(93, 'L\'étoile du Gitan', 'Gipsy', 1, '93.jpg', 'Alpen Publishers', '', 'Smolderen, Thierry', '9.99', '2016-11-04', 1, 1),
(94, 'Les feux de Sibérie', 'Gipsy', 2, '94.jpg', 'Les Humanoïdes Associés', '', 'Smolderen, Thierry', '9.99', '2015-02-12', 1, 1),
(95, 'Le jour du Tsar', 'Gipsy', 3, '95.jpg', 'Les Humanoïdes Associés', '', 'Smolderen, Thierry', '9.99', '2016-07-18', 1, 1),
(96, 'Les yeux noirs', 'Gipsy', 4, '96.jpg', 'Dargaud', '', 'Smolderen, Thierry', '9.99', '2016-02-28', 1, 1),
(97, 'L\'aile blanche', 'Gipsy', 5, '97.jpg', 'Dargaud', '', 'Smolderen, Thierry', '9.99', '2016-11-22', 1, 1),
(98, 'Le grand pouvoir du Chninkel', 'Grand pouvoir du Chninkel (Le)', 0, '98.jpg', 'Casterman', 'Les Romans (A suivre)', 'Van Hamme, Jean', '9.99', '2016-05-30', 1, 1),
(99, 'Before the Grocery', 'Grocery (The)', 0, '99.jpg', 'Ankama Editions', 'Label 619', 'Ducoudray, Aurélien', '15.90', '2016-05-29', 1, 1),
(100, 'Tome 1', 'Grocery (The)', 1, '100.jpg', 'Ankama Editions', '', 'Ducoudray, Aurélien', '19.90', '2016-09-16', 1, 1),
(101, 'Tome 2', 'Grocery (The)', 2, '101.jpg', 'Ankama Editions', '', 'Ducoudray, Aurélien', '14.90', '2015-05-09', 1, 1),
(102, 'Tome 3', 'Grocery (The)', 3, '102.jpg', 'Ankama Editions', 'Label 619', 'Ducoudray, Aurélien', '14.90', '2015-08-27', 1, 1),
(103, 'Tome 4', 'Grocery (The)', 4, '103.jpg', 'Ankama Editions', 'Label 619', 'Ducoudray, Aurélien', '14.90', '2016-04-28', 1, 1),
(104, 'La guerre d\'Alan - Edition intégrale', 'Guerre d\'Alan (La)', 0, '104.jpg', NULL, NULL, NULL, '38.00', '2015-11-04', 1, 1),
(105, 'Chapitre 1 - Printemps 1830 : le mariage d\'Hugo', 'Guerre des Sambre (La)', 1, '105.jpg', 'Futuropolis / Glénat', '', 'Yslaire', '13.90', '2015-09-14', 1, 1),
(106, 'Chapitre 2 - Automne 1830 : la passion selon Iris', 'Guerre des Sambre (La)', 2, '106.jpg', 'Futuropolis / Glénat', '', 'Yslaire', '13.00', '2016-05-25', 1, 1),
(107, 'Chapitre 3 - Hiver 1831 : la lune qui regarde', 'Guerre des Sambre (La)', 3, '107.jpg', 'Futuropolis / Glénat', '', 'Yslaire', '13.50', '2015-04-04', 1, 1),
(108, 'Les guerres silencieuses', 'Guerres silencieuses (Les)', 0, '108.jpg', 'Dupuis', 'Aire Libre', 'MartÁ­n, Jaime', '24.00', '2016-03-07', 1, 1),
(109, 'Brebis galeuses', 'Gung Ho', 1, '109.jpg', 'Paquet', '', 'Von Eckartsberg, Benjamin', '15.00', '2015-08-24', 1, 1),
(110, 'Court-Circuit', 'Gung Ho', 2, '110.jpg', 'Paquet', '', 'Von Eckartsberg, Benjamin', '15.00', '2016-03-06', 1, 1),
(111, 'L\'homme des marais', 'Homme des marais (L\')', 0, '111.jpg', 'Dargaud', 'Un homme - Une aventure', 'Toppi, Sergio', '9.99', '2015-01-08', 1, 1),
(112, 'Idées noires', 'Idées noires', 0, '112.jpg', NULL, NULL, NULL, '9.99', '2016-07-14', 1, 1),
(113, 'L\'Île aux Femmes', 'Île aux Femmes (L\')', 0, '113.jpg', 'Glénat', '1000 Feuilles', 'Zanzim', '19.50', '2015-03-14', 1, 1),
(114, 'Île Bourbon 1730', 'Île Bourbon 1730', 0, '114.jpg', 'Delcourt', 'Shampooing', 'Appollo', '16.95', '2015-06-17', 1, 1),
(115, 'In God We Trust', 'In God We Trust', 0, '115.jpg', 'Les Requins Marteaux', '', 'Winshluss', '25.00', '2015-10-03', 1, 1),
(116, 'L\'Intégrale', 'Incal (Avant l\')', 0, '116.jpg', 'Les Humanoïdes Associés', '', 'Jodorowsky, Alexandro', '49.90', '2016-11-23', 1, 1),
(117, 'Intégrale', 'Incal (L\') ', 0, '117.jpg', 'Les Humanoïdes Associés', '', 'Jodorowsky, Alexandro', '49.90', '2016-02-10', 1, 1),
(118, 'La Résurrection', 'Je suis un Vampire', 1, '118.jpg', 'Albin Michel', '', 'Trillo, Carlos', '9.99', '2015-04-15', 1, 1),
(119, 'La Malédiction', 'Je suis un Vampire', 2, '119.jpg', 'Albin Michel', '', 'Trillo, Carlos', '9.99', '2016-11-03', 1, 1),
(120, 'La Destruction', 'Je suis un Vampire', 3, '120.jpg', 'Albin Michel', '', 'Trillo, Carlos', '9.99', '2015-12-14', 1, 1),
(121, 'La Résolution', 'Je suis un Vampire', 4, '121.jpg', 'Albin Michel', '', 'Trillo, Carlos', '9.99', '2015-03-07', 1, 1),
(122, 'La tendresse des crocodiles et l\'ivresse du poulpe', 'Jeanne Picquigny', 0, '122.jpg', 'Casterman', 'écritures', 'Bernard, Fred', '18.00', '2016-02-20', 1, 1),
(123, 'La patience du tigre', 'Jeanne Picquigny', 3, '123.jpg', 'Casterman', 'écritures', 'Bernard, Fred', '24.00', '2016-06-01', 1, 1),
(124, 'Restare vivo', 'Joan', 1, '124.jpg', 'Eura Editoriale', 'Euracomix', 'Wood, Robin', '9.99', '2015-12-06', 1, 1),
(125, 'La forza della storia', 'Joan', 2, '125.jpg', 'Eura Editoriale', 'Euracomix', 'Wood, Robin', '9.99', '2016-10-18', 1, 1),
(126, 'Fils de flingue', 'Juan Solo', 1, '126.jpg', 'Les Humanoïdes Associés', '', 'Jodorowsky, Alexandro', '9.99', '2016-10-29', 1, 1),
(127, 'Les Chiens du Pouvoir', 'Juan Solo', 2, '127.jpg', 'Les Humanoïdes Associés', '', 'Jodorowsky, Alexandro', '9.99', '2015-11-18', 1, 1),
(128, 'La Chair et la Gale', 'Juan Solo', 3, '128.jpg', 'Les Humanoïdes Associés', '', 'Jodorowsky, Alexandro', '9.99', '2015-04-07', 1, 1),
(129, 'Saint Salaud', 'Juan Solo', 4, '129.jpg', 'Les Humanoïdes Associés', '', 'Jodorowsky, Alexandro', '9.99', '2016-12-25', 1, 1),
(130, 'Jusepe en Amérique', 'Jusepe en Amérique', 0, '130.jpg', 'Gallimard', 'Bayou', 'Trillo, Carlos', '16.75', '2016-07-13', 1, 1),
(131, 'Kobane Calling', 'Kobane Calling', 0, '131.jpg', 'Cambourakis', '', 'Zerocalcare', '23.00', '2016-02-27', 1, 1),
(132, 'L\'intégrale', 'Kookaburra', 0, '132.jpg', 'Soleil Productions', '', 'Crisse', '9.99', '2015-09-19', 1, 1),
(133, 'Intégrale tomes 1 à 3', 'Lanfeust de Troy', 0, '133.jpg', 'Soleil Productions', '', 'Arleston, Scotch', '25.00', '2016-01-11', 1, 1),
(134, 'Intégrale tomes 4 à 6', 'Lanfeust de Troy', 0, '134.jpg', 'Soleil Productions', '', 'Arleston, Scotch', '25.00', '2015-05-12', 1, 1),
(135, 'Intégrale tomes 7 à 8', 'Lanfeust de Troy', 0, '135.jpg', 'Soleil Productions', '', 'Arleston, Scotch', '25.00', '2015-05-07', 1, 1),
(136, 'Intégrale - Tomes 1 à 3', 'Lanfeust des Etoiles', 0, '136.jpg', 'Soleil Productions', '', 'Arleston, Scotch', '25.00', '2015-08-10', 1, 1),
(137, 'Intégrale - Tomes 4 à 6', 'Lanfeust des Etoiles', 0, '137.jpg', 'Soleil Productions', '', 'Arleston, Scotch', '25.00', '2015-02-22', 1, 1),
(138, 'Intégrale - Tomes 7 et 8', 'Lanfeust des Etoiles', 0, '138.jpg', 'Soleil Productions', '', 'Arleston, Scotch', '25.00', '2015-11-01', 1, 1),
(139, 'Intégrale', 'Légendes des contrées oubliées', 0, '139.jpg', 'Delcourt', '', 'Chevalier, Bruno', '9.99', '2015-02-14', 1, 1),
(140, 'La véritable histoire de Léo Roa', 'Léo Roa', 1, '140.jpg', 'Dargaud', '', 'Gimenez, Juan', '9.99', '2015-06-14', 1, 1),
(141, 'L\'Odyssée à contretemps', 'Léo Roa', 2, '141.jpg', 'Les Humanoïdes Associés', '', 'Gimenez, Juan', '9.99', '2016-03-06', 1, 1),
(142, 'Lady Vivian Hastings', 'Long John Silver', 1, '142.jpg', 'Dargaud', '', 'Dorison, Xavier', '13.99', '2015-10-16', 1, 1),
(143, 'Neptune', 'Long John Silver', 2, '143.jpg', 'Dargaud', '', 'Dorison, Xavier', '13.99', '2015-01-19', 1, 1),
(144, 'Le Labyrinthe d\'Emeraude', 'Long John Silver', 3, '144.jpg', 'Dargaud', '', 'Dorison, Xavier', '13.50', '2016-11-12', 1, 1),
(145, 'Théo', 'Lumières de l\'Amalou (Les)', 1, '145.jpg', 'Delcourt', 'Conquistador', 'Gibelin, Christophe', '9.99', '2015-04-04', 1, 1),
(146, 'Le pantin', 'Lumières de l\'Amalou (Les)', 2, '146.jpg', 'Delcourt', 'Conquistador', 'Gibelin, Christophe', '9.99', '2016-01-19', 1, 1),
(147, 'Le village tordu', 'Lumières de l\'Amalou (Les)', 3, '147.jpg', 'Delcourt', 'Conquistador', 'Gibelin, Christophe', '9.99', '2015-03-10', 1, 1),
(148, 'Gouals', 'Lumières de l\'Amalou (Les)', 4, '148.jpg', 'Delcourt', 'Conquistador', 'Gibelin, Christophe', '9.99', '2015-01-02', 1, 1),
(149, 'Cendres', 'Lumières de l\'Amalou (Les)', 5, '149.jpg', 'Delcourt', 'Conquistador', 'Gibelin, Christophe', '9.99', '2016-10-25', 1, 1),
(150, 'Les enfants de l\'abîme', 'Lune d\'argent sur Providence', 1, '150.jpg', NULL, NULL, NULL, '13.90', '2016-03-06', 1, 1),
(151, 'Ma vie mal dessinée', 'Ma vie mal dessinée', 0, '151.jpg', 'Futuropolis', '', 'Gipi', '20.30', '2015-11-06', 1, 1),
(152, '10 años con Mafalda', 'Mafalda (en espagnol)', 0, '152.jpg', 'Lumen', '', 'Quino', '9.99', '2016-09-02', 1, 1),
(153, 'Le Maître d\'armes', 'Maître d\'armes (Le)', 0, '153.jpg', 'Dargaud', '', 'Dorison, Xavier', '16.45', '2015-07-20', 1, 1),
(154, 'Intégrale (1-2)', 'Maus', 0, '154.jpg', 'Flammarion', '', 'Spiegelman, Art', '9.99', '2015-06-28', 1, 1),
(155, 'Le trèfle rouge', 'Mémoires d\'un guerrier', 0, '155.jpg', 'Gallimard', 'Bayou', 'Marco, Jean-Louis', '16.00', '2015-02-28', 1, 1),
(374, 'Le voyage', 'Le cercle de pierre', 3, '374.jpg', 'Presses de la Cité', NULL, 'Diana Gabaldon', '19.50', '2016-01-23', 1, 4),
(375, 'Les tambours de l\'automne', 'Le cercle de pierre', 4, '375.jpg', 'Presses de la Cité', NULL, 'Diana Gabaldon', '20.50', '2015-07-16', 1, 4),
(157, 'Intégrale', 'Minuscule mousquetaire (Le)', 0, '157.jpg', 'Dargaud', 'Poisson Pilote', 'Sfar, Joann', '24.95', '2016-11-07', 1, 1),
(158, 'Moi René Tardi, prisonnier de guerre au Stalag IIB', 'Moi René Tardi, prisonnier de guerre au Stalag IIB', 1, '158.jpg', NULL, NULL, NULL, '25.00', '2016-05-28', 1, 1),
(159, 'Mon retour en France', 'Moi René Tardi, prisonnier de guerre au Stalag IIB', 2, '159.jpg', NULL, NULL, NULL, '25.00', '2016-09-22', 1, 1),
(160, 'It came from the moon !', 'Mutafukaz', 0, '160.jpg', 'Ankama Editions', 'Label 619', 'RUN', '19.90', '2015-02-04', 1, 1),
(161, 'Dark Meat City', 'Mutafukaz', 1, '161.jpg', 'Ankama Editions', 'Label 619', 'RUN', '14.90', '2015-07-11', 1, 1),
(162, 'Troublants trous noirs', 'Mutafukaz', 2, '162.jpg', 'Ankama Editions', 'Label 619', 'RUN', '14.90', '2016-02-06', 1, 1),
(163, 'Révélations', 'Mutafukaz', 3, '163.jpg', 'Ankama Editions', 'Label 619', 'RUN', '14.90', '2015-12-30', 1, 1),
(164, 'De4d end', 'Mutafukaz', 4, '164.jpg', 'Ankama Editions', 'Label 619', 'RUN', '14.90', '2016-12-30', 1, 1),
(165, 'V', 'Mutafukaz', 5, '165.jpg', 'Ankama Editions', 'Label 619', 'RUN', '14.90', '2016-10-18', 1, 1),
(166, 'La Quête de Geön', 'Naragam', 1, '166.jpg', 'Delcourt', 'Terres de Légendes', 'Le Galli, Michaël', '15.95', '2016-11-26', 1, 1),
(167, 'L\'Appel des Primordiaux', 'Naragam', 2, '167.jpg', 'Delcourt', 'Terres de Légendes', 'Le Galli, Michaël', '15.95', '2015-11-30', 1, 1),
(168, 'Terra Incognita', 'Naufragés d\'Ythaq (Les)', 1, '168.jpg', 'Soleil Productions', '', 'Arleston, Scotch', '12.50', '2016-09-06', 1, 1),
(169, 'Ophyde La Géminée', 'Naufragés d\'Ythaq (Les)', 2, '169.jpg', 'Soleil Productions', '', 'Arleston, Scotch', '12.50', '2015-07-11', 1, 1),
(170, 'Le soupir des étoiles', 'Naufragés d\'Ythaq (Les)', 3, '170.jpg', 'Soleil Productions', '', 'Arleston, Scotch', '12.90', '2016-09-30', 1, 1),
(171, 'L\'ombre de Khengis', 'Naufragés d\'Ythaq (Les)', 4, '171.jpg', 'Soleil Productions', '', 'Arleston, Scotch', '12.90', '2015-01-28', 1, 1),
(172, 'L\'ultime arcane', 'Naufragés d\'Ythaq (Les)', 5, '172.jpg', 'Soleil Productions', '', 'Arleston, Scotch', '14.50', '2016-06-30', 1, 1),
(173, 'La révolte des pions', 'Naufragés d\'Ythaq (Les)', 6, '173.jpg', 'Soleil Productions', '', 'Arleston, Scotch', '14.50', '2015-11-07', 1, 1),
(174, 'La marque des Ythes', 'Naufragés d\'Ythaq (Les)', 7, '174.jpg', 'Soleil Productions', '', 'Arleston, Scotch', '12.90', '2016-01-12', 1, 1),
(175, 'Le miroir des mensonges', 'Naufragés d\'Ythaq (Les)', 8, '175.jpg', 'Soleil Productions', '', 'Arleston, Scotch', '13.50', '2015-02-05', 1, 1),
(176, 'Brouillard au pont de Tolbiac', 'Nestor Burma', 1, '176.jpg', 'Casterman', 'Les Romans (A suivre)', 'Tardi, Jacques', '9.99', '2015-12-14', 1, 1),
(177, 'Casse-pipe à la Nation', 'Nestor Burma', 4, '177.jpg', 'Casterman', '', 'Tardi, Jacques', '9.99', '2015-07-21', 1, 1),
(178, 'M\'as-tu vu en cadavre ?', 'Nestor Burma', 5, '178.jpg', 'Casterman', '', 'Tardi, Jacques', '9.99', '2016-12-07', 1, 1),
(179, 'L\'Enfant noir', 'NiourK', 1, '179.jpg', 'Ankama Editions', 'Les univers de Stefan Wul', 'Vatine, Olivier', '13.90', '2016-04-27', 1, 1),
(180, 'La ville', 'NiourK', 2, '180.jpg', 'Ankama Editions', 'Les univers de Stefan Wul', 'Vatine, Olivier', '13.90', '2015-01-27', 1, 1),
(181, 'Alpha', 'NiourK', 3, '181.jpg', 'Ankama Editions', 'Les univers de Stefan Wul', 'Vatine, Olivier', '14.90', '2015-03-10', 1, 1),
(182, 'Notes pour une histoire de guerre', 'Notes pour une histoire de guerre', 0, '182.jpg', 'Actes Sud', 'Actes Sud BD', 'Gipi', '22.40', '2016-08-16', 1, 1),
(183, 'Emie', 'Nouveau Monde', 1, '183.jpg', 'Glénat', 'Grafica', 'Filippi, Denis-Pierre', '13.50', '2015-01-21', 1, 1),
(184, 'La Vallée perdue', 'Nouveau Monde', 2, '184.jpg', 'Glénat', 'Grafica', 'Filippi, Denis-Pierre', '13.50', '2016-04-23', 1, 1),
(185, 'Les déserteurs', 'Nouveau Monde', 3, '185.jpg', 'Glénat', 'Grafica', 'Filippi, Denis-Pierre', '13.90', '2015-12-26', 1, 1),
(186, 'Olympe de Gouges', 'Olympe de Gouges', 0, '186.jpg', 'Casterman', 'écritures', 'Bocquet, José-Louis', '24.00', '2015-06-05', 1, 1),
(187, 'Cicatrices', 'Orbital', 1, '187.jpg', 'Dupuis', 'Repérages', 'Runberg, Sylvain', '14.50', '2015-10-12', 1, 1),
(188, 'Ruptures', 'Orbital', 2, '188.jpg', 'Dupuis', 'Repérages', 'Runberg, Sylvain', '14.50', '2016-02-20', 1, 1),
(189, 'Nomades', 'Orbital', 3, '189.jpg', 'Dupuis', 'Repérages', 'Runberg, Sylvain', '13.50', '2016-01-08', 1, 1),
(190, 'Du vent sur les fleurs', 'Oreillers de laque', 1, '190.jpg', 'Philippe Picquier', 'Picquier Manga', 'Sugiura, Hinako', '16.70', '2016-08-06', 1, 1),
(191, 'Promis, c\'est promis', 'Oreillers de laque', 2, '191.jpg', 'Philippe Picquier', 'Picquier Manga', 'Sugiura, Hinako', '16.70', '2015-08-12', 1, 1),
(192, 'Un animal est mort', 'Papier', 1, '192.jpg', 'Delcourt', 'Shampooing', 'Vivès, Bastien', '9.95', '2015-08-15', 1, 1),
(193, 'Papier 2', 'Papier', 2, '193.jpg', 'Delcourt', 'Shampooing', 'Aguirre, Max', '9.95', '2016-05-14', 1, 1),
(194, 'Papier 3', 'Papier', 3, '194.jpg', 'Delcourt', 'Shampooing', '<Collectif>', '9.95', '2015-02-07', 1, 1),
(195, 'Papier 4', 'Papier', 4, '195.jpg', 'Delcourt', 'Shampooing', '<Collectif>', '9.95', '2015-08-21', 1, 1),
(196, 'Papier 5', 'Papier', 5, '196.jpg', 'Delcourt', 'Shampooing', '<Collectif>', '9.95', '2015-06-05', 1, 1),
(197, 'Papier 6', 'Papier', 6, '197.jpg', 'Delcourt', 'Shampooing', '<Collectif>', '9.95', '2015-09-10', 1, 1),
(365, 'Le chemin de Sarance', 'La mosaïque de Sarance', 1, '365.jpg', 'Buchet Castel', NULL, 'Guy Gavriel Kay', '9.99', '2015-01-15', 1, 4),
(366, 'Le seigneur des empereurs', 'La mosaïque de Sarance', 2, '366.jpg', 'Buchet Castel', NULL, 'Guy Gavriel Kay', '9.99', '2016-02-04', 1, 4),
(199, 'Partie de chasse', 'Partie de chasse', 0, '199.jpg', NULL, NULL, NULL, '9.99', '2015-03-11', 1, 1),
(200, 'Pas de retour en Ostalgie', 'Pas de retour en Ostalgie', 0, '200.jpg', 'Steinkis', '', 'Hagedorn, Wanda', '22.00', '2016-05-10', 1, 1),
(201, 'Période glaciaire', 'Période glaciaire', 0, '201.jpg', 'Futuropolis', 'Musée du Louvre', 'De Crécy, Nicolas', '14.75', '2016-09-30', 1, 1),
(202, 'Edition intégrale', 'Photographe (Le)', 0, '202.jpg', 'Dupuis', 'Aire Libre', 'Lefèvre, Didier', '38.00', '2015-12-16', 1, 1),
(203, 'Pills', 'Pills', 0, '203.jpg', 'KSTR', '', 'Ozanam, Antoine', '16.00', '2016-01-14', 1, 1),
(204, '1914-1915-1916', 'Putain de guerre !', 0, '204.jpg', 'Casterman', '', 'Verney, Jean-Pierre', '16.00', '2016-05-08', 1, 1),
(205, 'L\'intégrale', 'Quartier lointain', 0, '205.jpg', 'Casterman', 'écritures', 'Taniguchi, JirÁ´', '25.95', '2016-02-28', 1, 1),
(206, 'Revenants', 'Revenants', 0, '206.jpg', 'Futuropolis', '', 'Morel, Olivier', '19.00', '2015-03-24', 1, 1),
(207, 'Riyad-sur-Seine', 'RG', 1, '207.jpg', 'Gallimard', 'Bayou', 'Dragon, Pierre', '15.25', '2015-03-17', 1, 1),
(208, 'Bangkok-Belleville', 'RG', 2, '208.jpg', 'Gallimard', 'Bayou', 'Dragon, Pierre', '16.25', '2015-06-27', 1, 1),
(209, 'Roi Ours', 'Roi Ours', 0, '209.jpg', 'Delcourt', '', 'Mobidic', '18.95', '2016-10-03', 1, 1),
(210, 'S.', 'S. (Gipi)', 0, '210.jpg', 'Coconino Press - Vertige Graphic', 'Moby Duck', 'Gipi', '17.30', '2016-02-23', 1, 1),
(211, 'Livre I - Le Chant d\'Anoroer', 'Servitude', 1, '211.jpg', 'Soleil Productions', '', 'David, Fabrice', '14.50', '2016-03-08', 1, 1),
(212, 'Livre II - Drekkars', 'Servitude', 2, '212.jpg', 'Soleil Productions', '', 'David, Fabrice', '12.90', '2015-02-21', 1, 1),
(213, 'Livre III - L\'Adieu aux Rois', 'Servitude', 3, '213.jpg', 'Soleil Productions', '', 'David, Fabrice', '14.95', '2015-12-27', 1, 1),
(214, 'Shenzhen', 'Shenzhen', 0, '214.jpg', NULL, NULL, NULL, '9.99', '2015-08-25', 1, 1),
(215, 'Intégrale Premières armes T1 à T4', 'Sillage', 0, '215.jpg', 'Delcourt', '20 Ans', 'Morvan, Jean-David', '19.99', '2016-09-02', 1, 1),
(216, 'El duro adiós (primera parte)', 'Sin City (Frank Miller\'s)', 1, '216.jpg', '', '', '', '9.99', '2015-07-19', 1, 3),
(217, 'El duro adiós (segunda parte)', 'Sin City (Frank Miller\'s)', 2, '217.jpg', '', '', '', '9.99', '2015-03-14', 1, 3),
(218, 'Ese cobarde bastardo (primera parte)', 'Sin City (Frank Miller\'s)', 5, '218.jpg', '', '', '', '9.99', '2016-05-27', 1, 3),
(219, 'Ese cobarde bastardo (segunda parte)', 'Sin City (Frank Miller\'s)', 6, '219.jpg', '', '', '', '9.99', '2016-05-05', 1, 3),
(220, 'Volume 1', 'Soda', 0, '220.jpg', 'Dupuis', 'Magnum', 'Tome', '24.90', '2016-11-08', 1, 1),
(221, 'Volume 2', 'Soda', 0, '221.jpg', 'Dupuis', 'Magnum', 'Tome', '24.90', '2015-01-17', 1, 1),
(222, 'Volume 3', 'Soda', 0, '222.jpg', 'Dupuis', 'Magnum', 'Tome', '24.90', '2016-06-28', 1, 1),
(223, 'La Terre des fils', 'Terre des fils (La)', 0, '223.jpg', 'Futuropolis', '', 'Gipi', '23.00', '2016-03-15', 1, 1),
(224, 'La magicienne trahie', 'Thorgal', 1, '224.jpg', 'Lombard', '', 'Van Hamme, Jean', '12.00', '2015-09-23', 1, 1),
(225, 'L\'île des mers gelées', 'Thorgal', 2, '225.jpg', 'Lombard', '', 'Van Hamme, Jean', '12.00', '2016-01-25', 1, 1),
(226, 'Les trois vieillards du pays d\'Aran', 'Thorgal', 3, '226.jpg', 'Lombard', '', 'Van Hamme, Jean', '12.00', '2015-03-03', 1, 1),
(227, 'La galère noire', 'Thorgal', 4, '227.jpg', 'Lombard', '', 'Van Hamme, Jean', '12.00', '2016-12-28', 1, 1),
(228, 'Au-delà des ombres', 'Thorgal', 5, '228.jpg', 'Lombard', '', 'Van Hamme, Jean', '12.00', '2015-04-03', 1, 1),
(229, 'La chute de Brek Zarith', 'Thorgal', 6, '229.jpg', 'Lombard', '', 'Van Hamme, Jean', '12.00', '2016-02-20', 1, 1),
(230, 'L\'enfant des étoiles', 'Thorgal', 7, '230.jpg', 'Lombard', '', 'Van Hamme, Jean', '12.00', '2015-05-18', 1, 1),
(231, 'Alinoë', 'Thorgal', 8, '231.jpg', 'Lombard', '', 'Van Hamme, Jean', '12.00', '2016-03-21', 1, 1),
(232, 'Les archers', 'Thorgal', 9, '232.jpg', 'Lombard', '', 'Van Hamme, Jean', '12.00', '2016-06-16', 1, 1),
(233, 'Le pays Qâ', 'Thorgal', 10, '233.jpg', 'Lombard', '', 'Van Hamme, Jean', '12.00', '2015-08-20', 1, 1),
(234, 'Les yeux de Tanatloc', 'Thorgal', 11, '234.jpg', 'Lombard', '', 'Van Hamme, Jean', '12.00', '2015-03-07', 1, 1),
(235, 'La cité du dieu perdu', 'Thorgal', 12, '235.jpg', 'Lombard', '', 'Van Hamme, Jean', '12.00', '2016-09-29', 1, 1),
(236, 'Entre terre et lumière', 'Thorgal', 13, '236.jpg', 'Lombard', '', 'Van Hamme, Jean', '12.00', '2016-02-12', 1, 1),
(237, 'Aaricia', 'Thorgal', 14, '237.jpg', 'Lombard', '', 'Van Hamme, Jean', '12.00', '2016-06-02', 1, 1),
(238, 'Le maître des montagnes', 'Thorgal', 15, '238.jpg', 'Lombard', '', 'Van Hamme, Jean', '12.00', '2015-02-23', 1, 1),
(239, 'Louve', 'Thorgal', 16, '239.jpg', 'Lombard', '', 'Van Hamme, Jean', '12.00', '2016-03-16', 1, 1),
(240, 'La gardienne des clés', 'Thorgal', 17, '240.jpg', 'Lombard', '', 'Van Hamme, Jean', '12.00', '2016-07-26', 1, 1),
(241, 'L\'épée-Soleil', 'Thorgal', 18, '241.jpg', 'Lombard', '', 'Van Hamme, Jean', '12.00', '2015-07-12', 1, 1),
(242, 'La forteresse invisible', 'Thorgal', 19, '242.jpg', 'Le Lombard', '', 'Van Hamme, Jean', '12.00', '2016-07-16', 1, 1),
(243, 'La marque des bannis', 'Thorgal', 20, '243.jpg', 'Le Lombard', '', 'Van Hamme, Jean', '12.00', '2016-11-11', 1, 1),
(244, 'La couronne d\'Ogotaï', 'Thorgal', 21, '244.jpg', 'Le Lombard', '', 'Van Hamme, Jean', '12.00', '2015-07-22', 1, 1),
(245, 'Géants', 'Thorgal', 22, '245.jpg', 'Le Lombard', '', 'Van Hamme, Jean', '12.00', '2016-04-05', 1, 1),
(246, 'La cage', 'Thorgal', 23, '246.jpg', 'Le Lombard', '', 'Van Hamme, Jean', '12.00', '2015-04-08', 1, 1),
(247, 'Arachnéa', 'Thorgal', 24, '247.jpg', 'Le Lombard', '', 'Van Hamme, Jean', '12.00', '2016-03-07', 1, 1),
(248, 'Le Mal bleu', 'Thorgal', 25, '248.jpg', 'Le Lombard', '', 'Van Hamme, Jean', '12.00', '2015-08-09', 1, 1),
(249, 'Le Royaume sous le Sable', 'Thorgal', 26, '249.jpg', 'Le Lombard', '', 'Van Hamme, Jean', '12.00', '2015-04-07', 1, 1),
(250, 'Le temple du soleil', 'Tintin', 14, '250.jpg', 'Casterman', '', 'Hergé', '9.99', '2015-07-12', 1, 1),
(251, 'Tyler Cross', 'Tyler Cross', 1, '251.jpg', 'Dargaud', '', 'Nury, Fabien', '16.95', '2015-03-07', 1, 1),
(252, 'Angola', 'Tyler Cross', 2, '252.jpg', 'Dargaud', '', 'Nury, Fabien', '16.95', '2015-07-29', 1, 1),
(253, 'Le Mangeur d\'or', 'Undertaker', 1, '253.jpg', 'Dargaud', '', 'Dorison, Xavier', '13.99', '2016-02-08', 1, 1),
(254, 'La Danse des vautours', 'Undertaker', 2, '254.jpg', 'Dargaud', '', 'Dorison, Xavier', '13.99', '2015-11-30', 1, 1),
(255, 'Une métamorphose iranienne', 'Une métamorphose iranienne ', 0, '255.jpg', 'çà et là', '', 'Neyestani, Mana', '20.00', '2015-06-25', 1, 1),
(256, 'Une si jolie petite guerre', 'Une si jolie petite guerre', 1, '256.jpg', 'Denoël', '', 'Truong, Marcelino', '24.90', '2015-08-08', 1, 1),
(257, 'Edition Intégrale', 'Vent dans les Saules (Le)', 0, '257.jpg', 'Delcourt', 'Long Métrage', 'Plessix, Michel', '9.99', '2015-10-19', 1, 1),
(258, 'Villerupt 1966', 'Villerupt 1966', 0, '258.jpg', 'Les Rêveurs', '', 'Baru', '40.60', '2015-01-04', 1, 1),
(259, 'Vois comme ton ombre s\'allonge', 'Vois comme ton ombre s\'allonge', 0, '259.jpg', 'Futuropolis', '', 'Gipi', '19.00', '2015-04-01', 1, 1),
(260, 'Le Serment du Tophet', 'Voleurs de Carthage (Les)', 1, '260.jpg', 'Dargaud', '', 'Appollo', '13.99', '2015-06-24', 1, 1),
(261, 'La Nuit de Baal-Moloch', 'Voleurs de Carthage (Les)', 2, '261.jpg', 'Dargaud', '', 'Appollo', '13.99', '2016-10-15', 1, 1),
(262, '1940-1960', 'Wake Up America', 1, '262.jpg', 'Rue de Sèvres', '', 'Lewis, John', '13.00', '2015-12-18', 1, 1),
(263, '500 fusils', 'Wayne Redlake', 0, '263.jpg', 'Delcourt', 'Conquistador', 'Cailleteau, Thierry', '9.99', '2016-01-18', 1, 1),
(264, 'Western', 'Western', 0, '264.jpg', 'Le Lombard', 'Signé', 'Van Hamme, Jean', '9.99', '2016-05-01', 1, 1),
(265, 'Que la belle meure', 'Azimut', 2, '265.jpg', NULL, NULL, NULL, '13.90', '2016-04-20', 1, 1),
(266, 'Les anthropotames du Nihil', 'Azimut', 3, '266.jpg', NULL, NULL, NULL, '13.90', '2015-04-16', 1, 1),
(267, 'Les Chemins de la gloire', 'Chemins de la gloire (Les)', 0, '267.jpg', 'Glénat', '[Les Intégrales]', 'Bucquoy, Jan', '18.00', '2016-06-23', 1, 1),
(268, 'L\'Intégrale', 'Choucas (Le)', 0, '268.jpg', 'Dupuis', 'Repérages', 'Lax', '30.00', '2016-02-09', 1, 1),
(269, 'Chroniques birmanes', 'Chroniques birmanes', 0, '269.jpg', 'Delcourt', 'Shampooing', 'Delisle, Guy', '16.95', '2016-09-27', 1, 1),
(270, 'Si ce n\'est toi...', 'De Cape et de Crocs', 12, '270.jpg', 'Delcourt', 'Terres de Légendes', 'Ayroles, Alain', '14.50', '2015-08-12', 1, 1),
(271, 'Volume 1', 'Dragon head', 0, '271.jpg', 'Pika Edition', 'Pika Graphic', 'Mochizuki, Minetaro', '18.00', '2016-09-08', 1, 2),
(272, 'Duel', 'Duel (Farace)', 0, '272.jpg', 'Casterman', '', 'Farace, Renaud', '22.00', '2016-03-21', 1, 1),
(273, 'L\'échappée', 'Echappée (L\')', 0, '273.jpg', 'Futuropolis', '', 'Mardon, Grégory', '27.00', '2015-06-23', 1, 1),
(274, 'El ala rota', 'El ala rota', 0, '274.jpg', 'Norma Editorial', 'Cómic Europeo', 'Altarriba, Antonio', '34.07', '2015-05-15', 1, 1),
(275, 'Garen', 'Epée d\'Ardenois (L\')', 1, '275.jpg', 'Paquet', '', 'Willem, Etienne', '12.90', '2015-10-24', 1, 1),
(276, 'La Prophétie', 'Epée d\'Ardenois (L\')', 2, '276.jpg', 'Paquet', '', 'Willem, Etienne', '13.50', '2016-06-16', 1, 1),
(277, 'Nymelle', 'Epée d\'Ardenois (L\')', 3, '277.jpg', 'Paquet', '', 'Willem, Etienne', '13.50', '2015-03-17', 1, 1),
(278, 'Nuhy', 'Epée d\'Ardenois (L\')', 4, '278.jpg', 'Paquet', '', 'Willem, Etienne', '14.00', '2015-09-26', 1, 1),
(279, 'Volume 1', 'Erased', 1, '279.jpg', 'Ki-oon', 'Ki-oon Seinen', 'Sanbe, Kei', '7.65', '2015-05-10', 1, 2),
(280, 'Volume 2', 'Erased', 2, '280.jpg', 'Ki-oon', 'Ki-oon Seinen', 'Sanbe, Kei', '7.65', '2015-11-19', 1, 2),
(281, 'Volume 3', 'Erased', 3, '281.jpg', 'Ki-oon', 'Ki-oon Seinen', 'Sanbe, Kei', '7.65', '2015-01-19', 1, 2),
(282, 'Volume 4', 'Erased', 4, '282.jpg', 'Ki-oon', 'Ki-oon Seinen', 'Sanbe, Kei', '7.65', '2016-09-29', 1, 2),
(283, 'Volume 5', 'Erased', 5, '283.jpg', 'Ki-oon', 'Ki-oon Seinen', 'Sanbe, Kei', '7.65', '2015-09-16', 1, 2),
(284, 'Volume 6', 'Erased', 6, '284.jpg', 'Ki-oon', 'Ki-oon Seinen', 'Sanbe, Kei', '7.65', '2016-06-21', 1, 2),
(285, 'Volume 7', 'Erased', 7, '285.jpg', 'Ki-oon', 'Ki-oon Seinen', 'Sanbe, Kei', '7.65', '2016-02-12', 1, 2),
(286, 'Intégrale', 'Esteban', 0, '286.jpg', 'Dupuis', '', 'Bonhomme, Matthieu', '35.00', '2016-05-11', 1, 1),
(287, 'La ferme des animaux', 'Ferme des animaux (La)', 0, '287.jpg', '', '', '', '15.00', '2016-01-23', 1, 1),
(288, 'Intégrale', 'Feul (Le)', 0, '288.jpg', 'Soleil Productions', '', 'Gaudin, Jean-Charles', '29.90', '2015-03-13', 1, 1),
(289, 'Groenland Vertigo', 'Groenland Vertigo', 0, '289.jpg', 'Casterman', '', 'Tanquerelle, Hervé', '19.00', '2016-11-25', 1, 1),
(290, 'Sexi beast - grand format 3.1', 'Gung Ho', 3, '290.jpg', 'Paquet', '', 'Von Eckartsberg, Benjamin', '25.00', '2016-05-20', 1, 1),
(291, 'Chroniques de la Haine', 'Hate', 0, '291.jpg', 'Glénat', '', 'Smith, Adrian', '30.00', '2015-08-02', 1, 1),
(292, 'Hommes à la mer', 'Hommes à la mer', 0, '292.jpg', NULL, NULL, NULL, '17.95', '2015-05-17', 1, 1),
(293, 'Justice et légumes frais', 'Imbattable', 1, '293.jpg', 'Dupuis', '', 'Jousselin, Pascal', '10.95', '2015-03-02', 1, 1),
(294, 'La paresse du panda', 'Jeanne Picquigny', 4, '294.jpg', 'Casterman', '', 'Bernard, Fred', '25.00', '2015-07-23', 1, 1),
(295, 'Junker', 'Junker', 0, '295.jpg', 'Cambourakis', '', 'Spruyt, Simon', '26.00', '2015-07-20', 1, 1),
(296, 'Lily Love Peacock', 'Lily Love Peacock', 0, '296.jpg', 'Casterman', 'écritures', 'Bernard, Fred', '17.00', '2016-01-04', 1, 1),
(297, 'Guyanacapac', 'Long John Silver', 4, '297.jpg', 'Dargaud', '', 'Dorison, Xavier', '13.99', '2015-10-26', 1, 1),
(298, 'Lorna, Heaven is here', 'Lorna (Brüno)', 0, '298.jpg', 'Glénat', '[treize étrange]', 'Brüno', '17.25', '2016-09-24', 1, 1),
(299, 'Le loup des mers', 'Loup des Mers (Le)', 0, '299.jpg', NULL, NULL, NULL, '17.95', '2016-04-21', 1, 1),
(300, 'Lupus', 'Lupus', 0, '300.jpg', 'Atrabile', '', 'Peeters, Frederik', '38.00', '2016-03-04', 1, 1),
(301, 'L\'Impossible Vérité', 'Naufragés d\'Ythaq (Les)', 9, '301.jpg', 'Soleil Productions', '', 'Arleston, Scotch', '13.95', '2015-03-25', 1, 1),
(302, 'Nehorf-Capitol Transit', 'Naufragés d\'Ythaq (Les)', 10, '302.jpg', 'Soleil Productions', '', 'Arleston, Scotch', '13.95', '2015-06-24', 1, 1),
(303, 'L\'Haleine de l\'Ogre', 'Naufragés d\'Ythaq (Les)', 11, '303.jpg', 'Soleil Productions', '', 'Arleston, Scotch', '13.95', '2016-01-22', 1, 1),
(304, 'Les Clefs du néant', 'Naufragés d\'Ythaq (Les)', 12, '304.jpg', 'Soleil Productions', '', 'Arleston, Scotch', '13.95', '2015-04-02', 1, 1),
(305, 'Glèbe la Singulière', 'Naufragés d\'Ythaq (Les)', 13, '305.jpg', 'Soleil Productions', '', 'Arleston, Scotch', '15.50', '2015-05-24', 1, 1),
(306, 'Le Joyau du Génie', 'Naufragés d\'Ythaq (Les)', 14, '306.jpg', 'Soleil Productions', '', 'Arleston, Scotch', '14.50', '2015-07-06', 1, 1),
(307, 'Born to be a larve', 'Notes', 1, '307.jpg', 'Delcourt', 'Shampooing', 'Boulet', '12.90', '2016-09-18', 1, 1),
(308, 'Le Petit Théâtre de la rue', 'Notes', 2, '308.jpg', 'Delcourt', 'Shampooing', 'Boulet', '17.30', '2015-05-20', 1, 1),
(309, 'La viande c\'est la force', 'Notes', 3, '309.jpg', 'Delcourt', 'Shampooing', 'Boulet', '17.30', '2016-10-03', 1, 1),
(310, 'Songe est mensonge', 'Notes', 4, '310.jpg', 'Delcourt', 'Shampooing', 'Boulet', '15.50', '2015-11-24', 1, 1),
(311, 'Quelques minutes avant la fin du monde', 'Notes', 5, '311.jpg', 'Delcourt', 'Shampooing', 'Boulet', '14.95', '2015-06-07', 1, 1),
(312, 'Debout mes globules !', 'Notes', 6, '312.jpg', 'Delcourt', 'Shampooing', 'Boulet', '14.95', '2015-09-08', 1, 1),
(313, 'Formicapunk', 'Notes', 7, '313.jpg', 'Delcourt', 'Shampooing', 'Boulet', '14.95', '2016-08-29', 1, 1),
(314, 'Les 24 heures', 'Notes', 8, '314.jpg', 'Delcourt', 'Shampooing', 'Boulet', '14.95', '2015-03-22', 1, 1),
(315, 'Peu d\'or et moult gueule', 'Notes', 9, '315.jpg', 'Delcourt', 'Shampooing', 'Boulet', '14.95', '2016-06-09', 1, 1),
(316, 'Le Pixel quantique', 'Notes', 10, '316.jpg', 'Delcourt', 'Shampooing', 'Boulet', '15.50', '2015-11-01', 1, 1),
(317, 'Nuit blanche', 'Nuit blanche', 0, '317.jpg', 'Glénat', '[Les Intégrales]', 'Yann', '15.00', '2016-09-07', 1, 1),
(318, 'Opération mort', 'Opération mort', 0, '318.jpg', 'Cornélius', 'Pierre', 'Mizuki, Shigeru', '29.50', '2016-01-13', 1, 1),
(319, 'Ravages', 'Orbital', 4, '319.jpg', 'Dupuis', '', 'Runberg, Sylvain', '13.50', '2016-12-03', 1, 1),
(320, 'Justice', 'Orbital', 5, '320.jpg', 'Dupuis', '', 'Runberg, Sylvain', '14.50', '2016-09-16', 1, 1),
(321, 'Résistance', 'Orbital', 6, '321.jpg', 'Dupuis', '', 'Runberg, Sylvain', '14.50', '2016-10-17', 1, 1),
(322, 'Implosion', 'Orbital', 7, '322.jpg', 'Dupuis', 'Grand Public', 'Runberg, Sylvain', '14.50', '2015-01-18', 1, 1),
(323, 'Persepolis', 'Persepolis', 0, '323.jpg', NULL, NULL, NULL, '32.50', '2016-06-19', 1, 1),
(324, 'Portugal', 'Portugal', 0, '324.jpg', 'Dupuis', 'Aire Libre', 'Pedrosa, Cyril', '35.00', '2016-03-23', 1, 1),
(370, 'La confrérie de l\'épée', 'John Grey', 2, '370.jpg', 'Presses de la Cité', NULL, 'Diana Gabaldon', '19.95', '2015-01-09', 1, 4),
(326, 'Pyongyang', 'Pyongyang', 0, '326.jpg', NULL, NULL, NULL, '23.00', '2016-10-05', 1, 1),
(327, 'L\'autre', 'Rapport de Brodeck (Le)', 1, '327.jpg', 'Dargaud', '', 'Larcenet, Manu', '22.50', '2015-05-29', 1, 1),
(328, 'L\'indicible', 'Rapport de Brodeck (Le)', 2, '328.jpg', 'Dargaud', '', 'Larcenet, Manu', '22.50', '2015-12-24', 1, 1),
(329, 'Route 78', 'Route 78', 0, '329.jpg', 'Delcourt', 'Mirages', 'Cartier, Eric', '19.99', '2016-12-22', 1, 1),
(330, 'Salto - L\'histoire du marchand de bonbons qui disparut sous la pluie', 'Salto', 0, '330.jpg', 'Le Lombard', '', 'Bellido, Mark', '22.50', '2016-01-14', 1, 1),
(331, 'Intégrale', 'Salvatore', 0, '331.jpg', 'Dupuis', 'Aire Libre', 'De Crécy, Nicolas', '36.00', '2015-06-25', 1, 1),
(332, 'Tome 1', 'Sangsues', 1, '332.jpg', 'Casterman', 'Sakka', 'Imai, Daisuke', '7.95', '2015-05-24', 1, 2),
(333, 'Tome 2', 'Sangsues', 2, '333.jpg', 'Casterman', 'Sakka', 'Imai, Daisuke', '7.95', '2015-03-05', 1, 2),
(334, 'Tome 3', 'Sangsues', 3, '334.jpg', 'Casterman', 'Sakka', 'Imai, Daisuke', '7.95', '2016-08-02', 1, 2),
(335, 'Tome 4', 'Sangsues', 4, '335.jpg', 'Casterman', 'Sakka', 'Imai, Daisuke', '8.45', '2016-07-22', 1, 2),
(336, 'Tome 5', 'Sangsues', 5, '336.jpg', 'Casterman', 'Sakka', 'Imai, Daisuke', '8.45', '2016-08-28', 1, 2),
(337, 'Livre IV - Iccrins', 'Servitude', 4, '337.jpg', 'Soleil Productions', '', 'David, Fabrice', '14.50', '2016-09-02', 1, 1),
(338, 'Shangri-La', 'Shangri-La', 0, '338.jpg', 'Ankama Editions', 'Label 619', 'Bablet, Mathieu', '19.90', '2015-01-09', 1, 1),
(339, 'Soleil brûlant en Algérie', 'Soleil brûlant en Algérie', 0, '339.jpg', 'La Boîte à Bulles', 'Contre-Coeur', 'Nocq, Gaétan', '20.00', '2016-08-08', 1, 1),
(340, 'Tempête sur Bangui', 'Tempête sur Bangui', 1, '340.jpg', 'La boîte à bulles', 'Hors Champ - Les carnets de la boîte à bulles', 'Kassaï, Didier', '24.00', '2016-05-18', 1, 1),
(341, 'Intégrale', 'Terre mécanique', 0, '341.jpg', 'Casterman', 'Haute Densité', 'Andréae, Jean-Baptiste', '16.00', '2016-04-04', 1, 1),
(342, 'Le Tribut', 'Tribut (Le)', 0, '342.jpg', 'Cornélius', '', 'Legrand, Benjamin', '31.50', '2015-04-23', 1, 1),
(344, 'L\'Ogre de Sutter Camp', 'Undertaker', 3, '344.jpg', 'Dargaud', '', 'Dorison, Xavier', '13.99', '2016-09-21', 1, 1),
(345, 'Give peace a chance', 'Une si jolie petite guerre', 2, '345.jpg', 'Denoël', '', 'Truong, Marcelino', '24.90', '2016-12-16', 1, 1),
(346, 'L\'invitation au voyage', 'Vent dans les Sables (Le)', 1, '346.jpg', 'Delcourt', 'Jeunesse', 'Plessix, Michel', '8.95', '2015-02-02', 1, 1),
(347, 'Etranges Etrangers', 'Vent dans les Sables (Le)', 2, '347.jpg', 'Delcourt', 'Jeunesse', 'Plessix, Michel', '12.50', '2016-03-13', 1, 1),
(348, 'La Tentation du Désert', 'Vent dans les Sables (Le)', 3, '348.jpg', 'Delcourt', 'Jeunesse', 'Plessix, Michel', '12.50', '2015-11-04', 1, 1),
(349, 'Le Chant des dunes', 'Vent dans les Sables (Le)', 4, '349.jpg', 'Delcourt', 'Jeunesse', 'Plessix, Michel', '11.50', '2016-02-28', 1, 1),
(350, 'Du Souk dans la Casbah', 'Vent dans les Sables (Le)', 5, '350.jpg', 'Delcourt', 'Jeunesse', 'Plessix, Michel', '12.50', '2015-01-20', 1, 1),
(351, 'L\'enfant', 'Vie de Mizuki', 1, '351.jpg', 'Cornélius', 'Pierre', 'Mizuki, Shigeru', '33.50', '2015-03-14', 1, 1),
(352, 'Le survivant', 'Vie de Mizuki', 2, '352.jpg', 'Cornélius', 'Pierre', 'Mizuki, Shigeru', '34.50', '2015-01-28', 1, 1),
(353, 'L\'apprenti', 'Vie de Mizuki', 3, '353.jpg', 'Cornélius', 'Pierre', 'Mizuki, Shigeru', '34.50', '2015-04-12', 1, 1),
(354, '1960-1963', 'Wake Up America', 2, '354.jpg', 'Rue de Sèvres', '', 'Lewis, John', '14.00', '2016-12-03', 1, 1),
(355, '1963-1965', 'Wake Up America', 3, '355.jpg', 'Rue de Sèvres', '', 'Lewis, John', '15.00', '2016-04-06', 1, 1),
(356, 'Le matin des cendres 1/2', 'Wollodrïn', 1, '356.jpg', 'Delcourt', 'Terres de Légendes', 'Chauvel, David', '13.95', '2016-11-29', 1, 1),
(357, 'Le matin des cendres 2/2', 'Wollodrïn', 2, '357.jpg', 'Delcourt', 'Terres de Légendes', 'Chauvel, David', '13.95', '2015-07-17', 1, 1),
(358, 'Le convoi 1/2', 'Wollodrïn', 3, '358.jpg', 'Delcourt', 'Terres de Légendes', 'Chauvel, David', '14.50', '2015-10-17', 1, 1),
(359, 'Le convoi 2/2', 'Wollodrïn', 4, '359.jpg', 'Delcourt', 'Terres de Légendes', 'Chauvel, David', '14.50', '2015-10-25', 1, 1),
(360, 'Celui qui dort 1/2', 'Wollodrïn', 5, '360.jpg', 'Delcourt', 'Terres de Légendes', 'Chauvel, David', '14.50', '2015-11-30', 1, 1),
(361, 'Celui qui dort 2/2', 'Wollodrïn', 6, '361.jpg', 'Delcourt', 'Terres de Légendes', 'Chauvel, David', '14.95', '2015-10-09', 1, 1),
(362, 'Les flammes de Wffnïr 1/2', 'Wollodrïn', 7, '362.jpg', 'Delcourt', 'Terres de Légendes', 'Chauvel, David', '14.95', '2015-10-24', 1, 1),
(363, 'Les flammes de Wffnïr 2/2', 'Wollodrïn', 8, '363.jpg', 'Delcourt', 'Terres de Légendes', 'Chauvel, David', '15.50', '2015-05-18', 1, 1),
(381, 'Le rêve de l\'aigle', 'La reine celte', 1, '381.jpg', 'J C Lattès', NULL, 'Manda Scott', '18.05', '2015-03-24', 1, 4),
(376, 'La croix de feu', 'Le cercle de pierre', 5, '376.jpg', 'Presses de la Cité', NULL, 'Diana Gabaldon', '19.50', '2016-06-26', 1, 4),
(377, 'Le temps des rêves', 'Le cercle de pierre', 6, '377.jpg', 'Presses de la Cité', NULL, 'Diana Gabaldon', '20.50', '2016-06-03', 1, 4),
(371, 'Une odeur de soufre', 'John Grey', 3, '371.jpg', 'Presses de la Cité', NULL, 'Diana Gabaldon', '9.99', '2015-07-28', 1, 4),
(372, 'Le chardon et le tartan', 'Le cercle de pierre', 1, '372.jpg', 'Presses de la Cité', NULL, 'Diana Gabaldon', '20.50', '2016-03-13', 1, 4),
(373, 'Le talisman', 'Le cercle de pierre', 2, '373.jpg', 'Presses de la Cité', NULL, 'Diana Gabaldon', '19.50', '2016-03-24', 1, 4),
(369, 'Une affaire privée', 'John Grey', 1, '369.jpg', 'Presses de la Cité', NULL, 'Diana Gabaldon', '18.55', '2016-05-11', 1, 4),
(384, 'Le rêve de la lance-serpent', 'La reine celte', 4, '384.jpg', 'J C Lattès', NULL, 'Manda Scott', '18.05', '2015-01-23', 1, 4),
(388, 'Le secret des forges', 'Les cavaliers de l\'An Mille', 1, '388.jpg', 'Editions du Lutrin', NULL, 'Marcel Louis Perrier', '11.40', '2016-10-20', 1, 5),
(389, 'Les deniers de Quentovic', 'Les cavaliers de l\'An Mille', 2, '389.jpg', 'Editions du Lutrin', NULL, 'Marcel Louis Perrier', '11.40', '2015-04-01', 1, 5),
(390, 'L\'énigme du sacre', 'Les cavaliers de l\'An Mille', 3, '390.jpg', 'Editions du Lutrin', NULL, 'Marcel Louis Perrier', '11.40', '2015-12-04', 1, 5),
(391, 'Maudit soit', 'Les cavaliers de l\'An Mille', 4, '391.jpg', 'Editions du Lutrin', NULL, 'Marcel Louis Perrier', '11.40', '2015-09-09', 1, 5),
(392, 'Les ogres du Gange', 'Le siècle des chimères', 1, '392.jpg', 'Anne Carrière', NULL, 'Philippe Cavalier', '20.90', '2016-02-21', 1, 4),
(393, 'Les loups de Berlin', 'Le siècle des chimères', 2, '393.jpg', 'Anne Carrière', NULL, 'Philippe Cavalier', '20.90', '2015-06-19', 1, 4),
(394, 'Les anges de Palerme', 'Le siècle des chimères', 3, '394.jpg', 'Anne Carrière', NULL, 'Philippe Cavalier', '20.90', '2015-07-27', 1, 4),
(395, 'La dame de Toscane', 'Le siècle des chimères', 4, '395.jpg', 'Anne Carrière', NULL, 'Philippe Cavalier', '20.90', '2016-02-02', 1, 4),
(396, 'La couronne de cendres', 'Le marquis d\'Orgèves', 2, '396.jpg', 'Anne Carrière', NULL, 'Philippe Cavalier', '20.90', '2016-04-26', 1, 4),
(407, 'Le miroir de la reine', 'La fille de Maître Jacques', 1, '407.jpg', 'Fayard', NULL, 'Régis Albarel', '15.30', '2015-12-29', 1, 4),
(408, 'Le piqueur maudit', 'La fille de Maître Jacques', 2, '408.jpg', 'Fayard', NULL, 'Régis Albarel', '15.30', '2015-05-17', 1, 4),
(409, 'Le diamant de Salomon', 'La fille de Maître Jacques', 3, '409.jpg', 'Fayard', NULL, 'Régis Albarel', '15.30', '2015-10-04', 1, 4),
(412, 'Ellen', 'Les pilliers de la terre', 1, '412.jpg', 'Stock', NULL, 'Ken Follet', '18.55', '2015-02-01', 1, 4),
(413, 'Aliena', 'Les pilliers de la terre', 2, '413.jpg', 'Stock', NULL, 'Ken Follet', '18.55', '2016-01-14', 1, 4),
(426, 'La nuit des démons', 'Lys en val de Loire', 1, '426.jpg', 'Stock', NULL, 'Jocelyne Godard', '19.55', '2015-05-03', 1, 4),
(427, 'La trahison des anges', 'Lys en val de Loire', 2, '427.jpg', 'Stock', NULL, 'Jocelyne Godard', '19.55', '2016-03-07', 1, 4),
(428, 'La revanche des dieux', 'Lys en val de Loire', 3, '428.jpg', 'Stock', NULL, 'Jocelyne Godard', '19.55', '2015-01-29', 1, 4),
(434, 'Les dames de Brières', 'Les dames de Brières', 1, '434.jpg', 'Le livre de poche', NULL, 'Catherine Hermary-Vieille', '5.23', '2015-02-20', 1, 5),
(435, 'L\'étang du diable', 'Les dames de Brières', 2, '435.jpg', 'Le livre de poche', NULL, 'Catherine Hermary-Vieille', '5.23', '2016-01-24', 1, 5);
INSERT INTO `tblproduit` (`itmId`, `itmTitre`, `itmSerie`, `itmTome`, `itmImg`, `itmEditeur`, `itmCollection`, `itmScenariste`, `itmPrix`, `itmDate`, `itmOnline`, `itmCatNum`) VALUES
(436, 'La fille du feu', 'Les dames de Brières', 3, '436.jpg', 'Le livre de poche', NULL, 'Catherine Hermary-Vieille', '5.23', '2015-07-27', 1, 5),
(442, 'Eclose entre fleurs de lys', 'La reine violée', 1, '442.jpg', 'Anne Carrière', NULL, 'Chantal Touzet', '20.90', '2016-09-16', 1, 4),
(443, 'Le duel des dames', 'La reine violée', 0, '443.jpg', 'Anne Carrière', NULL, 'Chantal Touzet', '20.90', '2015-06-01', 1, 4),
(484, 'Le coeur de la terre', 'Autre monde', 3, '484.jpg', 'Albin Michel', NULL, 'Maxime Chattam', '19.00', '2015-02-12', 1, 4),
(498, 'Le testament de la Catin', 'La catin', 3, '498.jpg', 'Presses de la Renaissance', NULL, 'Iny Lorentz', '19.66', '2015-01-20', 1, 4),
(499, 'Les licornes', 'Les ateliers de Dame Alix', 1, '499.jpg', 'Pocket', NULL, 'Jocelyne Godard', '7.41', '2015-10-24', 1, 5),
(509, 'Le soufre et l\'encens', 'Les dilemmes de l\'inquisiteur', 1, '509.jpg', 'Editions du Pierregord', NULL, 'Sonia Pelletier-Gautier', '18.80', '2015-02-01', 1, 4),
(511, 'La promesse des loups', 'Les chroniques du loup', 0, '511.jpg', 'Albin Michel', NULL, 'Dorothy Hearst', '17.10', '2016-01-29', 1, 4),
(527, 'Le secret de Razin', 'Mesopotamia', 2, '527.jpg', 'Pocket', NULL, 'Armand Herscovici', '21.50', '2016-05-21', 1, 5),
(528, 'La catin', 'La catin', 1, '528.jpg', 'Presses de la Renaissance', NULL, 'Iny Lorentz', '19.95', '2015-01-22', 1, 4),
(563, 'Les larmes de Brunehilde', 'Les reines pourpres', 2, '563.jpg', 'Belfond', NULL, 'Jean Louis Fetjaine', '18.05', '2015-09-08', 1, 4),
(564, 'Vidocq', 'Les 3 bandits', 1, '564.jpg', 'Robert Laffont', NULL, 'Michel Peyramaure', '19.95', '2016-03-21', 1, 4),
(568, 'Le vol du héron', 'Le clan des Otori', 0, '568.jpg', 'Gallimard', NULL, 'Lian Hearn', '21.85', '2016-11-08', 1, 4),
(572, 'Mandrin', 'Les 3 bandits', 1, '572.jpg', 'Robert Laffont', NULL, 'Michel Peyramaure', '19.00', '2016-02-15', 1, 4),
(578, 'Cartouche', 'Les 3 bandits', 3, '578.jpg', 'Robert Laffont', NULL, 'Michel Peyramaure', '19.00', '2016-06-24', 1, 4),
(599, 'Les voiles de Frédégonde', 'Les reines pourpres', 1, '599.jpg', 'Belfond', NULL, 'Jean Louis Fetjaine', '18.05', '2016-03-30', 1, 4),
(657, 'L\'art médiéval', 'Que sais-je ?', 0, '657.jpg', 'PUF', NULL, 'Xavier Barral I Altet', '7.15', '2016-12-09', 1, 5),
(692, 'l\'arbre de vie', 'les mystères d\'Osiris', 0, '692.jpg', 'XO éditions', NULL, 'Christian Jacq', '20.80', '2015-09-16', 1, 4),
(693, 'La conspiration du mal', 'les mystères d\'Osiris', 0, '693.jpg', 'XO éditions', NULL, 'Christian Jacq', '20.80', '2015-02-03', 1, 4),
(694, 'Le chemin de feu', 'les mystères d\'Osiris', 0, '694.jpg', 'XO éditions', NULL, 'Christian Jacq', '20.80', '2016-01-14', 1, 4),
(695, 'Le grand secret', 'les mystères d\'Osiris', 0, '695.jpg', 'XO éditions', NULL, 'Christian Jacq', '20.80', '2016-12-18', 1, 4),
(697, 'la conjuration des lys', 'La peste noir', 1, '697.jpg', 'XO éditions', NULL, 'Gilbert Bordes', '9.99', '2015-06-09', 1, 4),
(698, 'Le roi chiffonnier', 'La peste noir', 2, '698.jpg', 'XO éditions', NULL, 'Gilbert Bordes', '9.99', '2015-06-27', 1, 4),
(699, 'Les chemins de  la bête', 'La dame sans terre', 1, '699.jpg', 'Calman Lévy', NULL, 'Andréa H. Japp', '20.40', '2016-03-10', 1, 4),
(700, 'Le souffle de la rose', 'La dame sans terre', 2, '700.jpg', 'Calman Lévy', NULL, 'Andréa H. Japp', '20.40', '2016-08-12', 1, 4),
(701, 'Le sang de grâce', 'La dame sans terre', 3, '701.jpg', 'Calman Lévy', NULL, 'Andréa H. Japp', '20.40', '2015-10-20', 1, 4),
(702, 'Le combat des ombres', 'La dame sans terre', 4, '702.jpg', 'Calman Lévy', NULL, 'Andréa H. Japp', '20.40', '2015-03-12', 1, 4),
(705, 'Aesculapius', 'Les mystères de Druon de Brévaux', 1, '705.jpg', 'Flammarion', NULL, 'Andréa H. Japp', '19.95', '2016-08-20', 1, 4),
(718, 'La ligne verte 1', 'La ligne verte', 1, '718.jpg', 'Librio', NULL, 'Stephen King', '9.99', '2015-10-16', 1, 5),
(719, 'La ligne verte 2', 'La ligne verte', 2, '719.jpg', 'Librio', NULL, 'Stephen King', '9.99', '2016-09-23', 1, 5),
(720, 'La ligne verte 3', 'La ligne verte', 3, '720.jpg', 'Librio', NULL, 'Stephen King', '9.99', '2016-04-30', 1, 5),
(721, 'La ligne verte 4', 'La ligne verte', 4, '721.jpg', 'Librio', NULL, 'Stephen King', '9.99', '2016-09-20', 1, 5),
(722, 'La ligne verte 5', 'La ligne verte', 5, '722.jpg', 'Librio', NULL, 'Stephen King', '9.99', '2015-08-19', 1, 5),
(723, 'La ligne verte 6', 'La ligne verte', 6, '723.jpg', 'Librio', NULL, 'Stephen King', '9.99', '2016-01-14', 1, 5),
(725, 'Antoine et Clopâtre', 'Les couples célèbres', 0, '725.jpg', 'Acropole', NULL, 'Jean-Paul Franceschini', '9.99', '2016-11-25', 1, 4),
(726, 'Georges Sand et Frédéric Chopin', 'Les couples célèbres', 0, '726.jpg', 'Acropole', NULL, 'Pierre Brunel', '9.99', '2015-03-20', 1, 4),
(727, 'Napoléon et Joséphine', 'Les couples célèbres', 0, '727.jpg', 'Acropole', NULL, 'Serge Cosseron', '9.99', '2016-10-06', 1, 4),
(748, 'Le maître des mensonges', 'Graham Masterton', 0, '748.jpg', 'Pocket', NULL, 'Bentley Little', '9.99', '2015-09-04', 1, 5),
(749, 'Néfer le silencieux', 'La pierre de lumière', 1, '749.jpg', 'XO éditions', NULL, 'Christian Jacq', '9.99', '2015-09-10', 1, 4),
(750, 'La femme sage', 'La pierre de lumière', 2, '750.jpg', 'XO éditions', NULL, 'Christian Jacq', '9.99', '2015-12-03', 1, 4),
(751, 'Paneb l\'ardent', 'La pierre de lumière', 3, '751.jpg', 'XO éditions', NULL, 'Christian Jacq', '9.99', '2016-03-14', 1, 4),
(752, 'La place de vérité', 'La pierre de lumière', 4, '752.jpg', 'XO éditions', NULL, 'Christian Jacq', '9.99', '2016-06-08', 1, 4),
(755, 'Rome ville à vendre', 'Jules César', 1, '755.jpg', 'Michel Lafon', NULL, 'Roger Caratini', '9.99', '2015-04-20', 1, 4),
(756, 'La symphonie gauloise', 'Jules César', 2, '756.jpg', 'Michel Lafon', NULL, 'Roger Caratini', '9.99', '2015-08-12', 1, 4),
(757, 'Le crépuscule du dieu', 'Jules César', 3, '757.jpg', 'Michel Lafon', NULL, 'Roger Caratini', '9.99', '2016-04-12', 1, 4),
(758, 'L\'héritier', 'Auguste', 1, '758.jpg', 'Michel Lafon', NULL, 'Roger Caratini', '9.99', '2015-06-07', 1, 4),
(759, 'L\'impérator', 'Auguste', 2, '759.jpg', 'Michel Lafon', NULL, 'Roger Caratini', '9.99', '2016-10-19', 1, 4),
(760, 'Les chevaux célestes', 'Le disque de jade', 1, '760.jpg', 'XO éditions', NULL, 'José Frèches', '9.99', '2015-07-28', 1, 4),
(761, 'Poisson d\'or', 'Le disque de jade', 2, '761.jpg', 'XO éditions', NULL, 'José Frèches', '9.99', '2016-06-27', 1, 4),
(762, 'Les îles immortelles', 'Le disque de jade', 3, '762.jpg', 'XO éditions', NULL, 'José Frèches', '9.99', '2015-05-02', 1, 4),
(763, 'La louve et l\'enfant', 'La Moïra', 1, '763.jpg', 'Bragelonne', NULL, 'Henri Loevenbruck', '19.00', '2016-07-09', 1, 4),
(764, 'La guerre des loups', 'La Moïra', 2, '764.jpg', 'Bragelonne', NULL, 'Henri Loevenbruck', '19.00', '2016-06-05', 1, 4),
(765, 'La nuit de la louve', 'La Moïra', 3, '765.jpg', 'Bragelonne', NULL, 'Henri Loevenbruck', '19.00', '2016-03-25', 1, 4),
(766, 'Le louvetier', 'Gallica', 1, '766.jpg', 'Bragelonne', NULL, 'Henri Loevenbruck', '19.00', '2016-05-02', 1, 4),
(767, 'La voix des brumes', 'Gallica', 2, '767.jpg', 'Bragelonne', NULL, 'Henri Loevenbruck', '19.00', '2015-09-18', 1, 4),
(793, 'Le fils de la lumière', 'Ramsès', 1, '793.jpg', 'Pocket', NULL, 'Christian Jacq', '9.99', '2015-01-02', 1, 5),
(794, 'Le temple des millions d\'année', 'Ramsès', 2, '794.jpg', 'Pocket', NULL, 'Christian Jacq', '9.99', '2015-06-06', 1, 5),
(795, 'La bataille de Kadesh', 'Ramsès', 3, '795.jpg', 'Pocket', NULL, 'Christian Jacq', '9.99', '2016-09-04', 1, 5),
(796, 'La dame d\'Abou Simbel', 'Ramsès', 4, '796.jpg', 'Pocket', NULL, 'Christian Jacq', '9.99', '2016-09-27', 1, 5),
(797, 'Sous l\'acacia d\'occident', 'Ramsès', 5, '797.jpg', 'Pocket', NULL, 'Christian Jacq', '9.99', '2015-12-28', 1, 5),
(808, 'Et dieu donnera la victoire', 'Jeanne d\'Arc', 1, '808.jpg', 'Pocket', NULL, 'Michel Peyramaure', '9.99', '2015-09-09', 1, 5),
(809, 'La couronne de feu', 'Jeanne d\'Arc', 2, '809.jpg', 'Pocket', NULL, 'Michel Peyramaure', '9.99', '2016-06-21', 1, 5),
(839, 'Le salut du corbeau', 'Le maître des peines', 3, '839.jpg', 'Anne Carrière', NULL, 'Marie Bourassa', '20.90', '2015-03-03', 1, 4),
(840, 'Le mariage de la Licorne', 'Le maître des peines', 2, '840.jpg', 'Anne Carrière', NULL, 'Marie Bourassa', '19.81', '2016-01-13', 1, 4),
(843, 'Les lions diffamés', 'Cycle d\'Ogier d\'Argouges', 1, '843.jpg', 'Pocket', NULL, 'Pierre Naudin', '9.99', '2016-04-20', 1, 5),
(844, 'Auguste et la sibylle', 'Les ateliers de Dame Alix', 3, '844.jpg', 'Pocket', NULL, '', '9.99', '2015-11-30', 1, 5),
(845, 'Les scènes galantes', 'Les ateliers de Dame Alix', 4, '845.jpg', 'Pocket', NULL, '', '9.99', '2015-06-17', 1, 5),
(846, 'David et Bethsabée', 'Les ateliers de Dame Alix', 5, '846.jpg', 'Pocket', NULL, '', '7.70', '2015-11-16', 1, 5),
(857, 'La danse du cathare', 'La malédiction des Trencavel - cycle Raimon-Roger', 1, '857.jpg', 'Pocket', NULL, 'Bernard Mahoux', '6.94', '2015-01-10', 1, 5),
(864, 'Le silence du rossignol', 'Le clan des Otori', 1, '864.jpg', 'Gallimard', NULL, 'Lian Hearn', '18.00', '2015-05-08', 1, 4),
(865, 'Les neiges de l\'exil', 'Le clan des Otori', 2, '865.jpg', 'Gallimard', NULL, 'Lian Hearn', '18.00', '2015-04-27', 1, 4),
(866, 'La clarté de la lune', 'Le clan des Otori', 3, '866.jpg', 'Gallimard', NULL, 'Lian Hearn', '18.00', '2015-05-05', 1, 4),
(868, 'Le jardin d\'Adélie', 'Le maître des peines', 1, '868.jpg', 'Anne Carrière', NULL, 'Marie Bourassa', '20.90', '2015-01-09', 1, 4),
(878, 'Ao l\'homme ancien', 'L\'odyssée du dernier Néandertal', 1, '878.jpg', 'Pocket', NULL, 'Marc Klapczynski', '6.56', '2016-02-20', 1, 5),
(880, 'L\'alliance des trois', 'Autre monde', 1, '880.jpg', 'Albin Michel', NULL, 'Maxime Chattam', '9.99', '2016-12-05', 1, 4),
(881, 'Malronce', 'Autre monde', 2, '881.jpg', 'Albin Michel', NULL, 'Maxime Chattam', '9.99', '2015-11-16', 1, 4),
(886, 'La chatelaine', 'La catin', 2, '886.jpg', 'Presses de la Renaissance', NULL, 'Iny Lorentz', '9.99', '2016-01-06', 1, 4),
(889, 'Le rêve de lumière', 'Bouddha', 1, '889.jpg', 'Robert Laffont', NULL, 'Patricia Chendi', '9.99', '2016-11-13', 1, 4),
(890, 'Le sourrire du sage', 'Bouddha', 2, '890.jpg', 'Robert Laffont', NULL, 'Patricia Chendi', '9.99', '2016-09-20', 1, 4),
(892, 'La jument blanche', 'La trilogie Dalriada', 1, '892.jpg', 'Michel Lafon', NULL, 'Jules Watson', '20.90', '2016-01-05', 1, 4),
(893, 'Le cerf de l\'aube', 'La trilogie Dalriada', 2, '893.jpg', 'Michel Lafon', NULL, 'Jules Watson', '20.90', '2015-11-13', 1, 4),
(894, 'Les hommes qui n\'aimaient pas les femmes', 'Millénium', 1, '894.jpg', 'Actes Sud', NULL, 'Stieg Larsson', '21.66', '2015-06-04', 1, 4),
(895, 'La fille qui rêvait d\'un bidon d\'essence et d\'une allumette', 'Millénium', 2, '895.jpg', 'Actes Sud', NULL, 'Stieg Larsson', '19.01', '2016-08-08', 1, 4),
(896, 'La reine dans le palais des courants d\'air', 'Millénium', 3, '896.jpg', 'Actes Sud', NULL, 'Stieg Larsson', '19.01', '2015-06-08', 1, 4),
(916, 'Le fils prodigue', 'Frankenstein', 1, '916.jpg', 'Le livre de poche', NULL, 'Dean Koontz', '6.62', '2016-09-03', 1, 5),
(917, 'La cité de la nuit', 'Frankenstein', 2, '917.jpg', 'Le livre de poche', NULL, 'Dean Koontz', '9.99', '2016-05-01', 1, 5),
(934, 'L\'enfant reine', 'Guenièvre', 1, '934.jpg', 'Le Pré aux Clercs', NULL, 'Nancy McKenzie', '9.99', '2016-10-19', 1, 4),
(935, 'La reine de Bretagne', 'Guenièvre', 2, '935.jpg', 'Le Pré aux Clercs', NULL, 'Nancy McKenzie', '9.99', '2015-10-25', 1, 4),
(951, 'Dune 1', 'Dune', 1, '951.jpg', 'Pocket', NULL, 'Frank Herbert', '9.99', '2015-02-25', 1, 5),
(952, 'Dune 2', 'Dune', 2, '952.jpg', 'Pocket', NULL, 'Frank Herbert', '9.99', '2015-02-02', 1, 5),
(953, 'e messie de Dune', 'Dune', 3, '953.jpg', 'Pocket', NULL, 'Frank Herbert', '9.99', '2016-06-03', 1, 5),
(961, 'Le toit du monde', 'L\'impératrice de la soie', 1, '961.jpg', 'XO éditions', NULL, 'José Frèches', '20.80', '2015-11-23', 1, 4),
(962, 'Les yeux de Bouddha', 'L\'impératrice de la soie', 2, '962.jpg', 'XO éditions', NULL, 'José Frèches', '20.80', '2015-02-20', 1, 4),
(963, 'L\'usurpatrice', 'L\'impératrice de la soie', 3, '963.jpg', 'XO éditions', NULL, 'José Frèches', '20.80', '2015-03-22', 1, 4),
(965, 'Princesse de soleil', 'Inca', 1, '965.jpg', 'XO éditions', NULL, 'Antoine B. Daniel', '9.99', '2016-05-28', 1, 4),
(966, 'L\'or de Cuzco', 'Inca', 2, '966.jpg', 'XO éditions', NULL, 'Antoine B. Daniel', '9.99', '2016-10-19', 1, 4),
(967, 'La lumière du Machu Picchu', 'Inca', 3, '967.jpg', 'XO éditions', NULL, 'Antoine B. Daniel', '9.99', '2015-05-18', 1, 4),
(972, 'Le pouvoir d\'Iktia', 'L\'odyssée du dernier Néandertal', 2, '972.jpg', 'Aubéron', NULL, 'Marc Klapczynski', '18.05', '2016-07-06', 1, 4),
(973, 'la chambre maudite', 'Le bal des louves', 1, '973.jpg', 'XO éditions', NULL, 'Mireille Calmel', '19.85', '2015-05-27', 1, 4),
(974, 'La vengeance d\'Isabeau', 'Le bal des louves', 2, '974.jpg', 'XO éditions', NULL, 'Mireille Calmel', '19.85', '2015-09-22', 1, 4),
(975, 'Le chant des sorcières 1', 'Le chant des sorcières', 1, '975.jpg', 'XO éditions', NULL, 'Mireille Calmel', '18.91', '2015-10-29', 1, 4),
(976, 'Le chant des sorcières 2', 'Le chant des sorcières', 2, '976.jpg', 'XO éditions', NULL, 'Mireille Calmel', '18.91', '2015-06-24', 1, 4),
(977, 'Le chant des sorcières 3', 'Le chant des sorcières', 3, '977.jpg', 'XO éditions', NULL, 'Mireille Calmel', '18.91', '2015-03-04', 1, 4),
(978, 'Elora', 'La reine de lumière', 1, '978.jpg', 'XO éditions', NULL, 'Mireille Calmel', '18.90', '2016-09-08', 1, 4),
(979, 'Terra Incognita', 'La reine de lumière', 2, '979.jpg', 'XO éditions', NULL, 'Mireille Calmel', '18.90', '2015-09-06', 1, 4),
(980, 'Les valets du roi', 'Lady pirate', 1, '980.jpg', 'Pocket', NULL, 'Mireille Calmel', '6.84', '2016-08-29', 1, 5),
(981, 'La parade des ombres', 'Lady pirate', 2, '981.jpg', 'Pocket', NULL, 'Mireille Calmel', '6.84', '2015-01-20', 1, 5),
(985, 'La nuit du renard', 'Mary-Higgins Clark', 0, '985.jpg', 'Le livre de poche', NULL, 'Mary-Higgins Clark', '9.99', '2016-10-25', 1, 5),
(986, 'Le démon du passé', 'Mary-Higgins Clark', 0, '986.jpg', 'Le livre de poche', NULL, 'Mary-Higgins Clark', '9.99', '2015-02-19', 1, 5),
(987, 'Douce nuit', 'Mary-Higgins Clark', 0, '987.jpg', 'Le livre de poche', NULL, 'Mary-Higgins Clark', '9.99', '2015-12-28', 1, 5),
(988, 'La maison du clair de lune', 'Mary-Higgins Clark', 0, '988.jpg', 'Le livre de poche', NULL, 'Mary-Higgins Clark', '9.99', '2015-01-29', 1, 5),
(989, 'Un jour tu verras', 'Mary-Higgins Clark', 0, '989.jpg', 'Le livre de poche', NULL, 'Mary-Higgins Clark', '9.99', '2015-03-01', 1, 5),
(990, 'Un cri dans la nuit', 'Mary-Higgins Clark', 0, '990.jpg', 'Le livre de poche', NULL, 'Mary-Higgins Clark', '9.99', '2015-02-14', 1, 5),
(1004, 'Histoires d\'amour et de mort à Vienne', 'Contes fantasqtiques', 1, '1004.jpg', 'Librairie des ChampsElysées', NULL, '', '9.99', '2016-12-22', 1, 4),
(1005, 'Histoires fantastiques de doubles et de miroir', 'Contes fantasqtiques', 2, '1005.jpg', 'Librairie des ChampsElysées', NULL, '', '9.99', '2015-08-16', 1, 4),
(1006, 'Histoires terribles de revenants', 'Contes fantasqtiques', 3, '1006.jpg', 'Librairie des ChampsElysées', NULL, '', '9.99', '2015-02-11', 1, 4),
(1007, 'Histoires anglo-saxones de vampires', 'Contes fantasqtiques', 4, '1007.jpg', 'Librairie des ChampsElysées', NULL, '', '9.99', '2016-05-24', 1, 4),
(1008, 'Histoires d\'océans maléfiques', 'Contes fantasqtiques', 5, '1008.jpg', 'Librairie des ChampsElysées', NULL, '', '9.99', '2016-03-21', 1, 4),
(1009, 'Histoires terribles d\'animaux', 'Contes fantasqtiques', 6, '1009.jpg', 'Librairie des ChampsElysées', NULL, '', '9.99', '2015-04-04', 1, 4),
(1010, 'Histoires de trains fantastiques', 'Contes fantasqtiques', 7, '1010.jpg', 'Librairie des ChampsElysées', NULL, '', '9.99', '2016-04-22', 1, 4),
(1016, 'L\'art de conjuguer', 'Le nouveau Bescherelle', 1, '1016.jpg', 'Hattier', NULL, '', '9.99', '2016-11-24', 1, 5),
(1017, 'L\'art de l\'orthographe', 'Le nouveau Bescherelle', 2, '1017.jpg', 'Hattier', NULL, '', '9.99', '2015-08-29', 1, 5),
(1018, 'Les chevaliers de proie', 'Le sang des Hauteville', 1, '1018.jpg', 'Pygmalion', NULL, 'Michel Subiela', '21.50', '2015-04-22', 1, 4),
(1019, 'Le royaume sur la mer', 'Le sang des Hauteville', 2, '1019.jpg', 'Pygmalion', NULL, 'Michel Subiela', '21.50', '2015-12-20', 1, 4),
(1020, 'Les jardins de Palerme', 'Le sang des Hauteville', 3, '1020.jpg', 'Pygmalion', NULL, 'Michel Subiela', '21.50', '2016-02-13', 1, 4),
(1021, 'Les flammes noires de l\'Etna', 'Le sang des Hauteville', 4, '1021.jpg', 'Pygmalion', NULL, 'Michel Subiela', '21.50', '2016-10-19', 1, 4),
(1040, 'Le roi des halles', 'Secret d\'état', 2, '1040.jpg', 'Pocket', NULL, 'Juliette Benzoni', '9.99', '2015-08-02', 1, 5),
(1042, 'La pyramide assassinée', 'Le juge d\'Egypte', 1, '1042.jpg', 'Pocket', NULL, 'Christian Jacq', '9.99', '2016-01-17', 1, 5),
(1043, 'La loi du désert', 'Le juge d\'Egypte', 2, '1043.jpg', 'Pocket', NULL, 'Christian Jacq', '9.99', '2016-04-19', 1, 5),
(1044, 'La justice du vizir', 'Le juge d\'Egypte', 3, '1044.jpg', 'Pocket', NULL, 'Christian Jacq', '9.99', '2015-05-23', 1, 5),
(1045, 'Adélaïs comtesse de Toulouse', 'La malédiction des Trencavel', 1, '1045.jpg', 'Pocket', NULL, 'Bernard Mahoux', '9.99', '2015-07-29', 1, 5),
(1046, 'La saison des orages', 'La malédiction des Trencavel', 2, '1046.jpg', 'Pocket', NULL, 'Bernard Mahoux', '9.99', '2016-10-07', 1, 5),
(1047, 'L\'enfant du miracle', 'La malédiction des Trencavel', 3, '1047.jpg', 'Pocket', NULL, 'Bernard Mahoux', '9.99', '2016-02-03', 1, 5),
(1048, 'L\'agneau cathare', 'La malédiction des Trencavel', 4, '1048.jpg', 'Pocket', NULL, 'Bernard Mahoux', '9.99', '2015-03-14', 1, 5),
(1050, 'L\'empire des ténèbres', 'La reine liberté', 1, '1050.jpg', 'XO éditions', NULL, 'Christian Jacq', '9.99', '2016-01-20', 1, 4),
(1051, 'La guerre des couronnes', 'La reine liberté', 2, '1051.jpg', 'XO éditions', NULL, 'Christian Jacq', '9.99', '2016-08-07', 1, 4),
(1052, 'L\'épée flamboyante', 'La reine liberté', 3, '1052.jpg', 'XO éditions', NULL, 'Christian Jacq', '9.99', '2015-05-04', 1, 4),
(1054, 'La pierre prophétique', 'Arthur', 1, '1054.jpg', 'Hachette Jeunesse', NULL, 'Kevin Crossley-Holland', '16.05', '2016-02-08', 1, 4),
(1055, 'A la croisée des chemins', 'Arthur', 2, '1055.jpg', 'Hachette Jeunesse', NULL, 'Kevin Crossley-Holland', '16.05', '2016-08-30', 1, 4),
(1056, 'Un croisé à Venise', 'Arthur', 3, '1056.jpg', 'Hachette Jeunesse', NULL, 'Kevin Crossley-Holland', '16.05', '2016-06-28', 1, 4),
(1057, 'Hugues le loup', 'Contes et romans natinaux et populaires', 3, '1057.jpg', 'Editions Serpenoise', NULL, 'Erckmann - Chatrian', '9.99', '2015-11-20', 1, 4),
(1058, 'Le conscrit de 1813', 'Contes et romans natinaux et populaires', 4, '1058.jpg', 'Editions Serpenoise', NULL, 'Erckmann - Chatrian', '9.99', '2015-09-16', 1, 4),
(1059, 'L\'ami Fritz', 'Contes et romans natinaux et populaires', 5, '1059.jpg', 'Editions Serpenoise', NULL, 'Erckmann - Chatrian', '9.99', '2016-02-11', 1, 4),
(1060, 'Madame Thérèse', 'Contes et romans natinaux et populaires', 6, '1060.jpg', 'Editions Serpenoise', NULL, 'Erckmann - Chatrian', '9.99', '2015-11-21', 1, 4),
(1061, 'Contes des bords du Rhin', 'Contes et romans natinaux et populaires', 7, '1061.jpg', 'Editions Serpenoise', NULL, 'Erckmann - Chatrian', '9.99', '2015-10-07', 1, 4),
(1062, 'L\'invasion', 'Contes et romans natinaux et populaires', 8, '1062.jpg', 'Editions Serpenoise', NULL, 'Erckmann - Chatrian', '9.99', '2016-09-25', 1, 4),
(1063, 'Histoire d\'un homme du peuple', 'Contes et romans natinaux et populaires', 9, '1063.jpg', 'Editions Serpenoise', NULL, 'Erckmann - Chatrian', '9.99', '2016-10-26', 1, 4),
(1064, 'Maître Gaspard Fix', 'Contes et romans natinaux et populaires', 10, '1064.jpg', 'Editions Serpenoise', NULL, 'Erckmann - Chatrian', '9.99', '2016-05-26', 1, 4),
(1065, 'Histoire du plébiscite', 'Contes et romans natinaux et populaires', 11, '1065.jpg', 'Editions Serpenoise', NULL, 'Erckmann - Chatrian', '9.99', '2016-03-19', 1, 4),
(1066, 'Contes vosgiens', 'Contes et romans natinaux et populaires', 12, '1066.jpg', 'Editions Serpenoise', NULL, 'Erckmann - Chatrian', '9.99', '2016-09-25', 1, 4),
(1077, 'Eros Millenium', 'Millénaires', 0, '1077.jpg', 'J\'ai lu', NULL, 'Jean-Marc Lignt', '9.99', '2016-02-13', 1, 5),
(1078, 'La rondes des esprits', 'Millénaires', 0, '1078.jpg', 'J\'ai lu', NULL, 'Nalo Hopkinson', '9.99', '2016-11-21', 1, 5),
(1079, 'Blade runner 2', 'Millénaires', 0, '1079.jpg', 'J\'ai lu', NULL, 'K. W. Jeter', '9.99', '2016-03-28', 1, 5),
(1080, 'Voyage 1', 'Millénaires', 0, '1080.jpg', 'J\'ai lu', NULL, 'Stephen Baxter', '9.99', '2016-01-05', 1, 5),
(1081, 'Etoiles mourantes', 'Millénaires', 0, '1081.jpg', 'J\'ai lu', NULL, 'Ayerdhal - Dunyach', '9.99', '2016-10-07', 1, 5),
(1082, 'Aucune étoile aussi lointaine', 'Millénaires', 0, '1082.jpg', 'J\'ai lu', NULL, 'Serge Lehman', '9.99', '2015-07-23', 1, 5),
(1083, 'Superstition', 'Millénaires', 0, '1083.jpg', 'J\'ai lu', NULL, 'David Ambrose', '9.99', '2015-11-08', 1, 5),
(1084, 'Mutations', 'Millénaires', 0, '1084.jpg', 'J\'ai lu', NULL, 'Robert J. Sawyer', '9.99', '2015-07-08', 1, 5),
(1085, 'Stardust', 'Millénaires', 0, '1085.jpg', 'J\'ai lu', NULL, 'Neil Gaiman', '9.99', '2016-08-26', 1, 5),
(1086, 'Psychoville', 'Millénaires', 0, '1086.jpg', 'J\'ai lu', NULL, 'Christopher Fowler', '9.99', '2015-11-26', 1, 5),
(1087, 'L\'empire du centurion', 'Millénaires', 0, '1087.jpg', 'J\'ai lu', NULL, 'Sean McMullen', '9.99', '2015-03-25', 1, 5),
(1088, 'La lune et le roi soleil', 'Millénaires', 0, '1088.jpg', 'J\'ai lu', NULL, 'Vonda N. McIntyre', '9.99', '2015-09-24', 1, 5),
(1089, 'Un procès pour les étoiles', 'Millénaires', 0, '1089.jpg', 'J\'ai lu', NULL, 'Robert J. Sawyer', '9.99', '2015-09-18', 1, 5),
(1090, 'Les conquérants d\'Omale', 'Millénaires', 0, '1090.jpg', 'J\'ai lu', NULL, 'Laurent Genefort', '9.99', '2015-09-03', 1, 5),
(1091, 'Omale', 'Millénaires', 0, '1091.jpg', 'J\'ai lu', NULL, 'Laurent Genefort', '9.99', '2016-08-18', 1, 5),
(1092, 'Voyage 2', 'Millénaires', 0, '1092.jpg', 'J\'ai lu', NULL, 'Stephen Baxter', '9.99', '2015-10-30', 1, 5),
(1093, 'Neverwhere', 'Millénaires', 0, '1093.jpg', 'J\'ai lu', NULL, 'Neil Gaiman', '9.99', '2016-06-24', 1, 5),
(1104, 'Arbres', 'Poches nature', 0, '1104.jpg', 'Succès du livre', NULL, 'Bob Press', '9.99', '2015-03-21', 1, 5),
(1105, 'Oiseaux', 'Poches nature', 0, '1105.jpg', 'Succès du livre', NULL, 'Jim Flegg', '9.99', '2016-03-18', 1, 5),
(1106, 'Mon prénom origine signification', 'Connaissance', 0, '1106.jpg', 'Maxi poche', NULL, 'Gabriel Lechevallier', '9.99', '2015-10-11', 1, 5),
(1107, 'Univers  01', 'Univers', 1, '1107.jpg', 'J\'ai lu', NULL, '', '9.99', '2015-08-03', 1, 5),
(1108, 'Univers 02', 'Univers', 2, '1108.jpg', 'J\'ai lu', NULL, '', '9.99', '2016-07-30', 1, 5),
(1109, 'Univers 03', 'Univers', 3, '1109.jpg', 'J\'ai lu', NULL, '', '9.99', '2016-09-01', 1, 5),
(1110, 'Univers 04', 'Univers', 4, '1110.jpg', 'J\'ai lu', NULL, '', '9.99', '2015-07-01', 1, 5),
(1111, 'Univers 05', 'Univers', 5, '1111.jpg', 'J\'ai lu', NULL, '', '9.99', '2016-07-18', 1, 5),
(1112, 'Univers 06', 'Univers', 6, '1112.jpg', 'J\'ai lu', NULL, '', '9.99', '2016-07-09', 1, 5),
(1113, 'Univers 07', 'Univers', 7, '1113.jpg', 'J\'ai lu', NULL, '', '9.99', '2015-03-30', 1, 5),
(1114, 'Univers 08', 'Univers', 8, '1114.jpg', 'J\'ai lu', NULL, '', '9.99', '2016-02-04', 1, 5),
(1115, 'Univers 09', 'Univers', 9, '1115.jpg', 'J\'ai lu', NULL, '', '9.99', '2015-04-21', 1, 5),
(1116, 'Univers 10', 'Univers', 10, '1116.jpg', 'J\'ai lu', NULL, '', '9.99', '2016-01-30', 1, 5),
(1117, 'Univers 11', 'Univers', 11, '1117.jpg', 'J\'ai lu', NULL, '', '9.99', '2016-10-15', 1, 5),
(1118, 'Univers 12', 'Univers', 12, '1118.jpg', 'J\'ai lu', NULL, '', '9.99', '2016-12-03', 1, 5),
(1119, 'Univers 13', 'Univers', 13, '1119.jpg', 'J\'ai lu', NULL, '', '9.99', '2016-01-17', 1, 5),
(1120, 'Univers 14', 'Univers', 14, '1120.jpg', 'J\'ai lu', NULL, '', '9.99', '2015-09-25', 1, 5),
(1121, 'Univers 15', 'Univers', 15, '1121.jpg', 'J\'ai lu', NULL, '', '9.99', '2016-02-12', 1, 5),
(1122, 'Univers 16', 'Univers', 16, '1122.jpg', 'J\'ai lu', NULL, '', '9.99', '2016-06-22', 1, 5),
(1123, 'Univers 1981', 'Univers', 17, '1123.jpg', 'J\'ai lu', NULL, '', '9.99', '2015-03-18', 1, 5),
(1124, 'Contessina', 'La saga des Médicis', 1, '1124.jpg', 'Le livre de poche', NULL, 'Sarah Frydman', '7.10', '2016-07-06', 1, 5),
(1125, 'Le lys de Florence', 'La saga des Médicis', 2, '1125.jpg', 'Le livre de poche', NULL, 'Sarah Frydman', '7.10', '2016-09-25', 1, 5),
(1126, 'Lorenzo ou la fin des Médicis', 'La saga des Médicis', 3, '1126.jpg', 'Le livre de poche', NULL, 'Sarah Frydman', '7.10', '2015-10-26', 1, 5),
(1129, 'Le roi de fer', 'Les rois maudits', 1, '1129.jpg', 'Le livre de poche', NULL, 'Maurice Druon', '4.75', '2015-01-09', 1, 5),
(1130, 'La reine étranglée', 'Les rois maudits', 2, '1130.jpg', 'Le livre de poche', NULL, 'Maurice Druon', '4.75', '2016-11-17', 1, 5),
(1131, 'Les poisons de la couronne', 'Les rois maudits', 3, '1131.jpg', 'Le livre de poche', NULL, 'Maurice Druon', '4.75', '2015-11-13', 1, 5),
(1132, 'La loi des mâles', 'Les rois maudits', 4, '1132.jpg', 'Le livre de poche', NULL, 'Maurice Druon', '4.75', '2015-11-16', 1, 5),
(1133, 'la louve de France', 'Les rois maudits', 5, '1133.jpg', 'Le livre de poche', NULL, 'Maurice Druon', '4.75', '2016-11-15', 1, 5),
(1134, 'Le lis et le lion', 'Les rois maudits', 6, '1134.jpg', 'Le livre de poche', NULL, 'Maurice Druon', '4.75', '2016-02-19', 1, 5),
(1135, 'Quand un roi perd la France', 'Les rois maudits', 7, '1135.jpg', 'Le livre de poche', NULL, 'Maurice Druon', '4.75', '2016-08-29', 1, 5),
(1136, 'Le frére Crapaud', 'L\'héritière des Templiers', 1, '1136.jpg', 'Pocket', NULL, 'Renaud chantefable', '5.25', '2016-01-29', 1, 5),
(1137, 'Le chevalier de Quaranteine', 'L\'héritière des Templiers', 2, '1137.jpg', 'Pocket', NULL, 'Renaud chantefable', '5.25', '2016-01-29', 1, 5),
(1138, 'Les apôtres du nouveau temple', 'L\'héritière des Templiers', 3, '1138.jpg', 'Pocket', NULL, 'Renaud chantefable', '5.25', '2016-01-20', 1, 5),
(1139, 'La colombe cachée', 'L\'héritière des Templiers', 4, '1139.jpg', 'Pocket', NULL, 'Renaud chantefable', '5.25', '2015-04-24', 1, 5),
(1140, 'la danse des dieux', 'Reine de Palmyre', 1, '1140.jpg', 'Pocket', NULL, 'Antoine B. Daniel', '6.40', '2015-08-13', 1, 5),
(1141, 'Les chaînes d\'or', 'Reine de Palmyre', 2, '1141.jpg', 'Pocket', NULL, 'Antoine B. Daniel', '6.40', '2015-02-10', 1, 5),
(1180, 'Taliesin', 'Cycle de Pendragon', 1, '1180.jpg', 'Le livre de poche', NULL, 'Stephen Lawhead', '6.60', '2016-05-12', 1, 5),
(1181, 'Merlin', 'Cycle de Pendragon', 2, '1181.jpg', 'Le livre de poche', NULL, 'Stephen Lawhead', '6.60', '2016-07-24', 1, 5),
(1182, 'Arthur', 'Cycle de Pendragon', 3, '1182.jpg', 'Le livre de poche', NULL, 'Stephen Lawhead', '6.60', '2016-02-09', 1, 5),
(1183, 'Pendragon', 'Cycle de Pendragon', 4, '1183.jpg', 'Le livre de poche', NULL, 'Stephen Lawhead', '6.60', '2016-01-29', 1, 5),
(1184, 'Le Graal', 'Cycle de Pendragon', 5, '1184.jpg', 'Le livre de poche', NULL, 'Stephen Lawhead', '6.60', '2015-03-08', 1, 5),
(1189, 'L\'offrande du cœur', 'Lys en val de Loire', 4, '1189.jpg', 'Le livre de poche', NULL, 'Jocelyne Godard', '6.20', '2016-02-21', 1, 5),
(1190, 'La baillée des roses', 'Lys en val de Loire', 5, '1190.jpg', 'Le livre de poche', NULL, 'Jocelyne Godard', '9.99', '2015-07-23', 1, 5),
(1191, 'Une flambée d\'or', 'Lys en val de Loire', 6, '1191.jpg', 'Le livre de poche', NULL, 'Jocelyne Godard', '6.20', '2016-04-05', 1, 5),
(1192, 'Les vierges du Vatican', 'Les ateliers de Dame Alix', 2, '1192.jpg', 'Pocket', NULL, 'Jocelyne Godard', '7.41', '2015-02-10', 1, 5),
(1193, 'La France fantastique', 'Contes fantastiques', 0, '1193.jpg', 'Marabout', NULL, '', '9.99', '2016-11-07', 1, 4),
(1194, 'L\'Angleterre Fantastique', 'Contes fantastiques', 0, '1194.jpg', 'Marabout', NULL, '', '9.99', '2015-03-19', 1, 4),
(1195, 'La Belgique fantastique', 'Contes fantastiques', 0, '1195.jpg', 'Marabout', NULL, '', '9.99', '2015-10-10', 1, 4),
(1196, 'La Russie fantastique', 'Contes fantastiques', 0, '1196.jpg', 'Marabout', NULL, '', '9.99', '2015-10-15', 1, 4),
(1197, 'L\'Allemagne fantastique', 'Contes fantastiques', 0, '1197.jpg', 'Marabout', NULL, '', '9.99', '2015-09-25', 1, 4),
(1198, 'L\'Autriche fantastique', 'Contes fantastiques', 0, '1198.jpg', 'Marabout', NULL, '', '9.99', '2016-09-14', 1, 4),
(1199, 'L\'Italie fantastique', 'Contes fantastiques', 0, '1199.jpg', 'Marabout', NULL, '', '9.99', '2015-06-11', 1, 4),
(1200, 'L\'Amérique fantastique', 'Contes fantastiques', 0, '1200.jpg', 'Marabout', NULL, '', '9.99', '2015-06-04', 1, 4),
(1201, 'Le fantastique féminin', 'Contes fantastiques', 0, '1201.jpg', 'Marabout', NULL, '', '9.99', '2015-11-22', 1, 4),
(1203, 'Année 78-79', 'Journal de l\'année', 0, '1203.jpg', 'Larousse', NULL, '', '9.99', '2015-10-17', 1, 4),
(1204, 'Année 79-80', 'Journal de l\'année', 0, '1204.jpg', 'Larousse', NULL, '', '9.99', '2016-05-06', 1, 4),
(1205, 'Année 80-81', 'Journal de l\'année', 0, '1205.jpg', 'Larousse', NULL, '', '9.99', '2016-12-28', 1, 4),
(1206, 'Année 81-82', 'Journal de l\'année', 0, '1206.jpg', 'Larousse', NULL, '', '9.99', '2016-02-13', 1, 4),
(1207, 'Année fin 82', 'Journal de l\'année', 0, '1207.jpg', 'Larousse', NULL, '', '9.99', '2016-03-13', 1, 4),
(1208, 'Année 83', 'Journal de l\'année', 0, '1208.jpg', 'Larousse', NULL, '', '9.99', '2016-10-24', 1, 4),
(1209, 'Année 84', 'Journal de l\'année', 0, '1209.jpg', 'Larousse', NULL, '', '9.99', '2015-11-12', 1, 4),
(1210, 'Année 86', 'Journal de l\'année', 0, '1210.jpg', 'Larousse', NULL, '', '9.99', '2015-12-30', 1, 4),
(1211, 'Je suis une force qui va', 'Victor Hugo', 1, '1211.jpg', 'XO éditions', NULL, 'Max Gallo', '9.99', '2016-08-22', 1, 4),
(1212, 'Je serai celui-là', 'Victor Hugo', 2, '1212.jpg', 'XO éditions', NULL, 'Max Gallo', '9.99', '2016-11-03', 1, 4),
(1216, 'Hergé', 'Tintin para BD', 0, '1216.jpg', 'Centre Pompidou', NULL, '', '9.99', '2016-03-25', 1, 4),
(1217, 'Tintin les girafes', 'Tintin pour enfants', 0, '1217.jpg', 'Editions Moulinsart', NULL, '', '9.99', '2016-08-30', 1, 4),
(1218, 'Tintin le singe', 'Tintin pour enfants', 0, '1218.jpg', 'Editions Moulinsart', NULL, '', '9.99', '2015-11-22', 1, 4),
(1219, 'Tintin l\'éléphant', 'Tintin pour enfants', 0, '1219.jpg', 'Editions Moulinsart', NULL, '', '9.99', '2016-08-03', 1, 4),
(1220, 'Je découvre les couleurs', 'Tintin pour enfants', 0, '1220.jpg', 'Editions Moulinsart', NULL, '', '9.99', '2016-03-26', 1, 4),
(1221, 'Je découvre les lettres', 'Tintin pour enfants', 0, '1221.jpg', 'Editions Moulinsart', NULL, '', '9.99', '2016-01-17', 1, 4),
(1222, 'Je découvre les animaux', 'Tintin pour enfants', 0, '1222.jpg', 'Editions Moulinsart', NULL, '', '9.99', '2016-08-08', 1, 4),
(1223, 'Je découvre les contraires', 'Tintin pour enfants', 0, '1223.jpg', 'Editions Moulinsart', NULL, '', '9.99', '2015-04-07', 1, 4),
(1224, 'Je découvre les moyens de transport', 'Tintin pour enfants', 0, '1224.jpg', 'Editions Moulinsart', NULL, '', '9.99', '2015-07-21', 1, 4),
(1225, 'Je découvre les actions', 'Tintin pour enfants', 0, '1225.jpg', 'Editions Moulinsart', NULL, '', '9.99', '2015-07-26', 1, 4),
(1226, 'Je découvre les nombres', 'Tintin pour enfants', 0, '1226.jpg', 'Editions Moulinsart', NULL, '', '9.99', '2015-11-07', 1, 4),
(1227, 'Je découvre les émotions', 'Tintin pour enfants', 0, '1227.jpg', 'Editions Moulinsart', NULL, '', '9.99', '2015-01-07', 1, 4),
(1228, 'Tintin et moi', 'Tintin para BD', 0, '1228.jpg', 'Casterman', NULL, 'Numa Sadoul', '9.99', '2015-04-24', 1, 4),
(1229, 'Les métamorphoses de Tintin', 'Tintin para BD', 0, '1229.jpg', 'Exils Editeur', NULL, 'Jean-Marie Apostolidès', '17.10', '2015-03-09', 1, 4),
(1230, 'Tintin le terrible ou l\'alphabet des richesses', 'Tintin para BD', 0, '1230.jpg', 'Hachette', NULL, 'Alain Bonfand - Jean-Luc Marion', '8.55', '2015-06-24', 1, 5),
(1231, 'Le Tournesol illustré', 'Tintin para BD', 0, '1231.jpg', 'Casterman', NULL, 'Albert Algoud', '9.99', '2016-11-01', 1, 4),
(1232, 'Le Haddock illustré', 'Tintin para BD', 0, '1232.jpg', 'Casterman', NULL, 'Albert Algoud', '9.99', '2015-05-18', 1, 4),
(1233, 'Tintin et Cie', 'Tintin para BD', 0, '1233.jpg', 'Casterman', NULL, 'Michael Farr', '9.99', '2016-12-18', 1, 4),
(1248, 'Le royaume du fleuve', 'La rivière Espérance', 2, '1248.jpg', 'Robert Laffont', NULL, 'Christian Signol', '9.99', '2015-05-04', 1, 4),
(1249, 'L\'âme de la vallée', 'La rivière Espérance', 3, '1249.jpg', 'Robert Laffont', NULL, 'Christian Signol', '9.99', '2016-09-15', 1, 4),
(1256, 'L\'amulette de Samarcande', 'La trilogie de Bartiméus', 1, '1256.jpg', 'Albin Michel', NULL, 'Jonathan Stroud', '16.15', '2016-07-04', 1, 4),
(1257, 'L\'œil du golem', 'La trilogie de Bartiméus', 2, '1257.jpg', 'Albin Michel', NULL, 'Jonathan Stroud', '16.15', '2016-11-04', 1, 4),
(1355, 'Voyage à l\'envers', 'Millénaires', 0, '1355.jpg', 'J\'ai lu', NULL, 'Philippe Curval', '9.99', '2016-04-04', 1, 5),
(1356, 'Noir', 'Millénaires', 0, '1356.jpg', 'J\'ai lu', NULL, 'K. W. Jeter', '9.99', '2016-10-24', 1, 5),
(1357, 'Physiognomy', 'Millénaires', 0, '1357.jpg', 'J\'ai lu', NULL, 'Jeffrey Ford', '9.99', '2015-10-21', 1, 5),
(1358, 'Passage 1', 'Millénaires', 0, '1358.jpg', 'J\'ai lu', NULL, 'Connie Willis', '17.10', '2016-12-04', 1, 5),
(1359, 'Passage 2', 'Millénaires', 0, '1359.jpg', 'J\'ai lu', NULL, 'Connie Willis', '17.10', '2016-09-07', 1, 5),
(1360, 'La saison de la sorcière', 'Millénaires', 0, '1360.jpg', 'J\'ai lu', NULL, 'Roland C. Wagner', '9.99', '2016-11-22', 1, 5),
(1361, 'Dreamericana', 'Millénaires', 0, '1361.jpg', 'J\'ai lu', NULL, 'Fabrice Colin', '9.99', '2016-05-28', 1, 5),
(1362, 'Poussière de lune', 'Millénaires', 0, '1362.jpg', 'J\'ai lu', NULL, 'Stephen Baxter', '25.00', '2015-03-28', 1, 5),
(1363, 'Sabriël', 'Millénaires', 0, '1363.jpg', 'J\'ai lu', NULL, 'Garth Nix', '17.10', '2015-07-30', 1, 5),
(1364, 'Horizons lointains', 'Millénaires', 0, '1364.jpg', 'J\'ai lu', NULL, 'Robert Silverberg', '9.99', '2015-11-11', 1, 5),
(1365, 'Plasma', 'Millénaires', 0, '1365.jpg', 'J\'ai lu', NULL, 'Walter Jon Williams', '9.99', '2015-07-04', 1, 5),
(1366, 'Blanc comme l\'ombre', 'Millénaires', 0, '1366.jpg', 'J\'ai lu', NULL, 'Philippe Curval', '14.25', '2015-03-19', 1, 5),
(1367, 'Les chemins de l\'espace', 'Millénaires', 0, '1367.jpg', 'J\'ai lu', NULL, 'Colin Greenland', '9.99', '2015-06-26', 1, 5),
(1368, 'La liberté éternelle', 'Millénaires', 0, '1368.jpg', 'J\'ai lu', NULL, 'Joe Haldeman', '9.99', '2016-03-02', 1, 5),
(1369, 'Dix sur l\'échelle de Richter', 'Millénaires', 0, '1369.jpg', 'J\'ai lu', NULL, 'Arthur C. Clarke - Mike McQuay', '9.99', '2015-11-16', 1, 5),
(1370, 'Parleur', 'Millénaires', 0, '1370.jpg', 'J\'ai lu', NULL, 'Ayerdhal', '9.99', '2016-04-24', 1, 5),
(1371, 'La danse des six lunes', 'Millénaires', 0, '1371.jpg', 'J\'ai lu', NULL, 'Sheri S. Tepper', '9.99', '2016-10-13', 1, 5),
(1372, 'La guerre du plasma', 'Millénaires', 0, '1372.jpg', 'J\'ai lu', NULL, 'Walter Jon Williams', '9.99', '2016-03-13', 1, 5),
(1373, 'La division Cassini', 'Millénaires', 0, '1373.jpg', 'J\'ai lu', NULL, 'Ken MacLeod', '9.99', '2016-04-09', 1, 5),
(1374, 'Les derniers hommes', 'Millénaires', 0, '1374.jpg', 'J\'ai lu', NULL, 'Pierre Bordage', '9.99', '2016-12-10', 1, 5),
(1375, 'Dernière chance pour l\'humanité', 'Millénaires', 0, '1375.jpg', 'J\'ai lu', NULL, 'Robert J. Sawyer', '9.99', '2015-09-29', 1, 5),
(1376, 'Les enfants de l\'esprit', 'Millénaires', 0, '1376.jpg', 'J\'ai lu', NULL, 'Orson Scott Card', '9.99', '2016-01-08', 1, 5),
(1377, 'Détectives de l\'impossible', 'Millénaires', 0, '1377.jpg', 'J\'ai lu', NULL, 'Stéphane Nico', '9.99', '2016-12-19', 1, 5),
(1378, 'Titan', 'Millénaires', 0, '1378.jpg', 'J\'ai lu', NULL, 'Stephen Baxter', '9.99', '2015-12-15', 1, 5),
(1379, 'Au seuil des ténèbres', 'Millénaires', 0, '1379.jpg', 'J\'ai lu', NULL, 'Richard Chizmar', '9.99', '2015-05-14', 1, 5),
(1380, 'Féerie', 'Millénaires', 0, '1380.jpg', 'J\'ai lu', NULL, 'Paul J. McAuley', '9.99', '2015-08-11', 1, 5),
(1381, 'Les oiseaux de lumière', 'Millénaires', 0, '1381.jpg', 'J\'ai lu', NULL, 'Jean-Marc Ligny - Mandy', '9.99', '2015-10-19', 1, 5),
(1382, 'Les fables de l\'Humpur', 'Millénaires', 0, '1382.jpg', 'J\'ai lu', NULL, 'Pierre Bordage', '9.99', '2015-01-05', 1, 5),
(1383, 'Sans parler du chien', 'Millénaires', 0, '1383.jpg', 'J\'ai lu', NULL, 'Connie Willis', '9.99', '2015-09-04', 1, 5),
(1384, 'Cosmic erotica', 'Millénaires', 0, '1384.jpg', 'J\'ai lu', NULL, 'Jean-Marc Ligny', '9.99', '2015-02-07', 1, 5),
(1385, 'La tourmente', 'La dame de Manaos', 1, '1385.jpg', 'Editions du Rocher', NULL, 'Gérald Moreau', '18.90', '2016-04-10', 1, 4),
(1386, 'Altaterra', 'La dame de Manaos', 2, '1386.jpg', 'Editions du Rocher', NULL, 'Gérald Moreau', '18.90', '2016-06-17', 1, 4),
(1389, 'Les enfants de la terre 1', 'Les enfants de la terre', 0, '1389.jpg', 'Omnibus', NULL, 'Jean M. Auel', '9.99', '2016-06-09', 1, 4),
(1390, 'Les enfants de la terre 2', 'Les enfants de la terre', 0, '1390.jpg', 'Omnibus', NULL, 'Jean M. Auel', '9.99', '2016-12-27', 1, 4),
(1391, 'Les refuges de pierre', 'Les enfants de la terre', 0, '1391.jpg', 'Presses de la Cité', NULL, 'Jean M. Auel', '9.99', '2016-05-28', 1, 4),
(1397, 'L\'inquisiteur et la sorcière', 'Les dilemmes de l\'inquisiteur', 2, '1397.jpg', 'Editions du Pierregord', NULL, 'Sonia Pelletier-Gautier', '18.80', '2015-03-04', 1, 4),
(1398, 'Le brasier de l\'imparfaite', 'Les dilemmes de l\'inquisiteur', 3, '1398.jpg', 'Editions du Pierregord', NULL, 'Sonia Pelletier-Gautier', '18.80', '2015-02-07', 1, 4),
(1400, 'La prisonnière de Sparte', 'Hélène de Troie', 1, '1400.jpg', 'Albin Michel', NULL, 'Margaret George', '20.45', '2016-06-05', 1, 4),
(1401, 'Les flammes de l\'éternité', 'Hélène de Troie', 2, '1401.jpg', 'Albin Michel', NULL, 'Margaret George', '20.45', '2015-01-15', 1, 4),
(1402, 'La légende de Ninmah', 'Mesopotamia', 1, '1402.jpg', 'Seuil', NULL, 'Armand Herscovici', '17.10', '2015-12-13', 1, 4),
(1406, 'Les étoiles de Tupsar', 'Mesopotamia', 0, '1406.jpg', 'Panama', NULL, 'Armand Herscovici', '9.99', '2016-11-09', 1, 4),
(1421, 'Janet', 'Les orphelines', 0, '1421.jpg', 'Le livre de poche', NULL, 'virginia C. Andrews', '9.99', '2016-03-15', 1, 5),
(1422, 'Crystal', 'Les orphelines', 0, '1422.jpg', 'Le livre de poche', NULL, 'Virginia C. Andrews', '9.99', '2016-05-17', 1, 5),
(1425, 'Maeve', 'Diadème 4', 0, '1425.jpg', 'Opta', NULL, 'Jo Clayton', '9.99', '2016-05-02', 1, 5),
(1426, 'L\'assassinat du roi Arthur', 'Les dossiers de scotland Yard', 0, '1426.jpg', 'Editions Gérard de Villiers', NULL, 'J. B. Livingstone', '9.99', '2016-12-10', 1, 5),
(1427, 'Le crime d\'Ivanhoé', 'Les dossiers de scotland Yard', 0, '1427.jpg', 'Editions Gérard de Villiers', NULL, 'J. B. Livingstone', '9.99', '2015-09-27', 1, 5),
(1430, 'La promesse', 'La vampire', 0, '1430.jpg', 'Fleuve Noir', NULL, 'Christopher Pike', '9.99', '2016-10-07', 1, 5),
(1431, 'Sang noir', 'La vampire', 0, '1431.jpg', 'Fleuve Noir', NULL, 'Christopher Pike', '9.99', '2016-08-01', 1, 5),
(1536, 'Le spectre du surmutant', 'Perry Rhodan', 24, '1536.jpg', 'Fleuve Noir', NULL, 'K.-H. Scheer - C. Darlton', '9.99', '2016-01-08', 1, 5),
(1624, 'La barre y va', 'Arsène Lupin', 0, '1624.jpg', 'Le livre de poche', NULL, 'Maurice Leblanc', '9.99', '2015-04-24', 1, 5),
(1625, 'La contesse de Cagliostro', 'Arsène Lupin', 0, '1625.jpg', 'Le livre de poche', NULL, 'Maurice Leblanc', '9.99', '2015-09-29', 1, 5),
(1626, 'La Cagliostro se venge', 'Arsène Lupin', 0, '1626.jpg', 'Le livre de poche', NULL, 'Maurice Leblanc', '9.99', '2016-03-28', 1, 5),
(1627, 'La demoiselle aux yeux verts', 'Arsène Lupin', 0, '1627.jpg', 'Le livre de poche', NULL, 'Maurice Leblanc', '9.99', '2016-03-04', 1, 5),
(1628, 'Les confidences d\'Arsène Lupin', 'Arsène Lupin', 0, '1628.jpg', 'Le livre de poche', NULL, 'Maurice Leblanc', '9.99', '2015-10-19', 1, 5),
(1629, 'L\'île aux trente cercueils', 'Arsène Lupin', 0, '1629.jpg', 'Le livre de poche', NULL, 'Maurice Leblanc', '9.99', '2015-07-07', 1, 5),
(1656, 'Gentleman cambrioleur', 'Arsène Lupin', 0, '1656.jpg', 'Le livre de poche', NULL, 'Maurice Leblanc', '9.99', '2015-01-05', 1, 5),
(1694, 'Le roi de l\'hiver', 'La saga du roi Arthur', 1, '1694.jpg', 'Le livre de poche', NULL, 'Bernard Cornwell', '9.99', '2016-09-12', 1, 5),
(1695, 'L\'ennemi de dieu', 'La saga du roi Arthur', 2, '1695.jpg', 'Le livre de poche', NULL, 'Bernard Cornwell', '9.99', '2015-10-17', 1, 5),
(1696, 'Excalibur', 'La saga du roi Arthur', 3, '1696.jpg', 'Le livre de poche', NULL, 'Bernard Cornwell', '9.99', '2015-07-30', 1, 5),
(1702, 'Les rapines du duc de Guise', 'La guerre des trois Henri', 1, '1702.jpg', 'Le livre de poche', NULL, 'Jean d\'Aillon', '6.60', '2016-04-03', 1, 5),
(1704, 'Lacrimae', 'Les mystères de Druon de Brévaux', 2, '1704.jpg', 'Flammarion', NULL, 'Andréa H. Japp', '19.95', '2015-09-17', 1, 4),
(1713, 'Le combat final', 'Frankenstein', 0, '1713.jpg', 'Le livre de poche', NULL, 'Dean Koontz', '6.60', '2016-07-12', 1, 5),
(1720, 'Des cadavres trop bavards', 'Une enquête du Camel club', 0, '1720.jpg', 'Michel Lafon', NULL, 'David Baldacci', '9.99', '2015-05-28', 1, 4),
(1721, 'Jus de fruits et légumes', 'L\'atelier d\'Yvan', 0, '1721.jpg', 'Romain Pages Editions', NULL, 'Yvan Cadiou', '9.99', '2015-09-22', 1, 4),
(1723, 'Les triomphes', 'Les ateliers de Dame Alix', 6, '1723.jpg', 'Pocket', NULL, '', '7.02', '2016-12-06', 1, 5),
(1733, 'Le prix de l\'indépendance', 'L\'écho des cœurs lointains', 1, '1733.jpg', 'Presses de la Cité', NULL, 'Diana Gabaldon', '19.95', '2015-04-03', 1, 4),
(1735, 'La guerre des amoureuses', 'La guerre des trois Henri', 2, '1735.jpg', 'Le livre de poche', NULL, 'Jean d\'Aillon', '7.50', '2016-12-06', 1, 5),
(1740, 'Templa Mentis', 'Les mystères de Druon de Brévaux', 3, '1740.jpg', 'Flammarion', NULL, 'Andréa H. Japp', '22.00', '2016-01-29', 1, 4),
(1741, 'Quand la louve s\'éveillera', 'La malédiction des Trencavel - cycle Raimon-Roger', 2, '1741.jpg', 'Pocket', NULL, 'Bernard Mahoux', '6.58', '2015-02-25', 1, 5),
(1742, 'L\'immolation', 'La malédiction des Trencavel - cycle Raimon-Roger', 3, '1742.jpg', 'Pocket', NULL, 'Bernard Mahoux', '6.58', '2016-08-05', 1, 5),
(1747, 'Le pays des grottes sacrées', 'Les enfants de la terre', 0, '1747.jpg', 'Presses de la Cité', NULL, 'Jean M. Auel', '21.85', '2016-02-22', 1, 4),
(1763, 'Le chant des pierres', 'Yrmeline', 1, '1763.jpg', 'Editions du Pierregord', NULL, 'Bleuette Diot', '22.80', '2016-02-06', 1, 4),
(1768, 'Le loup des plaines', 'L\'épopée de Gengis Khan', 1, '1768.jpg', 'Pocket', NULL, 'Conn Iggulden', '9.99', '2015-01-01', 1, 5),
(1771, 'Le jardin des épées', 'Le marquis d\'Orgèves', 3, '1771.jpg', 'Anne Carrière', NULL, 'Philippe Cavalier', '19.81', '2015-08-05', 1, 4),
(1774, 'Le nombre d\'or', 'le monde est mathémathique', 0, '1774.jpg', 'RBA', NULL, 'Fernando Corbalan', '9.99', '2016-12-01', 1, 4),
(1776, 'Le naïf libertin', 'Vincent, gentilhomme galant', 1, '1776.jpg', 'l\'Archipel', NULL, 'Arlette Aguillon', '9.99', '2016-10-08', 1, 4),
(1781, 'Les fils de la liberté', 'L\'écho des cœurs lointains', 2, '1781.jpg', 'Presses de la Cité', NULL, 'Diana Gabaldon', '23.75', '2015-06-19', 1, 4),
(1785, 'Insurrection', 'Les maîtres d\'Ecosse', 1, '1785.jpg', 'Fleuve Noir', NULL, 'Robyn Young', '20.81', '2015-12-28', 1, 4),
(1787, 'Le dernier carnaval', 'Vincent, gentilhomme galant', 2, '1787.jpg', 'l\'Archipel', NULL, 'Arlette Aguillon', '18.90', '2015-03-21', 1, 4),
(1788, 'L\'abeille et le scarabée', 'Vincent, gentilhomme galant', 3, '1788.jpg', 'l\'Archipel', NULL, 'Arlette Aguillon', '18.90', '2016-12-27', 1, 4),
(1789, 'Le bataillon des ténèbres', 'Vincent, gentilhomme galant', 4, '1789.jpg', 'l\'Archipel', NULL, 'Arlette Aguillon', '18.90', '2016-09-08', 1, 4),
(1790, 'La pierre noire', 'L\'âme du temple', 2, '1790.jpg', 'Pocket', NULL, 'Robyn Young', '9.12', '2015-08-10', 1, 5),
(1792, 'Le brasier de justice', 'Les enquêtes de M. de Mortagne, bourreau', 1, '1792.jpg', 'Flammarion', NULL, 'Andréa H. Japp', '19.95', '2016-01-12', 1, 4),
(1793, 'Le livre du cercle', 'L\'âme du temple', 1, '1793.jpg', 'Pocket', NULL, 'Robyn Young', '8.02', '2015-03-03', 1, 5),
(1794, 'Les chevalières de Sans Mercy', 'La reine violée', 3, '1794.jpg', 'Anne Carrière', NULL, 'Chantal Touzet', '19.81', '2016-08-10', 1, 4),
(1796, 'Entropia', 'Autre monde', 4, '1796.jpg', 'Albin Michel', NULL, 'Maxime Chattam', '19.00', '2016-01-04', 1, 4),
(1797, 'Le château du Graal', 'Yrmeline', 2, '1797.jpg', 'Editions du Pierregord', NULL, 'Bleuette Diot', '22.80', '2015-01-03', 1, 4),
(1802, 'Les louvetiers du roi', 'Serge Brussolo', 0, '1802.jpg', 'Plon', NULL, '', '9.99', '2015-05-25', 1, 4),
(1807, 'Requiem', 'L\'âme du temple', 3, '1807.jpg', 'Pocket', NULL, 'Robyn Young', '8.65', '2016-09-14', 1, 5),
(1808, 'La treizième colonie', 'América', 1, '1808.jpg', 'Pocket', NULL, 'Romain Sardou', '7.22', '2015-01-28', 1, 5),
(1833, 'L\'héritage des Cathares', 'Damné', 1, '1833.jpg', 'Hugo Roman', NULL, 'Hervé Gagnon', '14.25', '2015-04-21', 1, 4),
(1836, 'En ce sang versé', 'Les enquêtes de M. de Mortagne, bourreau', 2, '1836.jpg', 'Flammarion', NULL, 'Andréa H. Japp', '9.99', '2015-06-30', 1, 4),
(1841, 'Tsinaka l\'œil de la toundra', 'L\'odyssée du dernier Néandertal', 3, '1841.jpg', 'Aubéron', NULL, 'Marc Klapczynski', '18.05', '2016-05-19', 1, 4),
(1849, 'Alsace Vosges', 'Le guide du routard', 0, '1849.jpg', 'Hachette', NULL, '', '12.54', '2016-11-12', 1, 5),
(1850, 'Auvergne', 'Le guide du routard', 0, '1850.jpg', 'Hachette', NULL, '', '12.54', '2015-05-20', 1, 5),
(1851, 'Lorraine', 'Le guide du routard', 0, '1851.jpg', 'Hachette', NULL, '', '12.54', '2015-01-18', 1, 5),
(1857, 'Le seigneur des steppes', 'L\'épopée de Gengis Khan', 2, '1857.jpg', 'Pocket', NULL, 'Conn Iggulden', '7.70', '2015-11-03', 1, 5),
(1858, 'La chevauchée vers l\'empire', 'L\'épopée de Gengis Khan', 3, '1858.jpg', 'Pocket', NULL, 'Conn Iggulden', '7.98', '2016-06-07', 1, 5),
(1878, 'De l\'Iroise aux Caraïbes', 'L\'énigme de la Diane', 1, '1878.jpg', 'Pocket', NULL, 'Nicolas Grondin', '6.37', '2016-06-02', 1, 5),
(1879, 'La danse du loup', 'Le chevalier et la dame blanche', 1, '1879.jpg', 'Pocket', NULL, 'Hugues de Queyssac', '7.70', '2015-02-06', 1, 5),
(1882, 'La marque du Temple', 'Le chevalier et la dame blanche', 2, '1882.jpg', 'Pocket', NULL, 'Hugues de Queyssac', '7.70', '2015-10-03', 1, 5),
(1883, 'Le tribunal de l\'ombre', 'Le chevalier et la dame blanche', 3, '1883.jpg', 'Pocket', NULL, 'Hugues de Queyssac', '7.22', '2016-03-21', 1, 5),
(1884, 'La mumière des Parfaits', 'Le chevalier et la dame blanche', 4, '1884.jpg', 'Pocket', NULL, 'Hugues de Queyssac', '7.70', '2015-04-11', 1, 5),
(1885, 'Le fardeau de Lucifer', 'Damné', 0, '1885.jpg', 'Hugo Roman', NULL, 'Hervé Gagnon', '17.06', '2016-01-25', 1, 4),
(1889, 'Des Antilles aux Mascareignes', 'L\'énigme de la Diane', 2, '1889.jpg', 'Les Nouveaux Auteurs', NULL, 'Nicolas Grondin', '18.96', '2016-02-21', 1, 4),
(1904, 'L\'étoffe du juste', 'Damné', 3, '1904.jpg', 'Hugo Roman', NULL, 'Hervé Gagnon', '17.05', '2016-02-08', 1, 4),
(1915, 'Les ombres du ciel', 'Influenza', 1, '1915.jpg', 'Pocket', NULL, 'Eric Marchal', '7.22', '2015-03-30', 1, 5),
(1916, 'J\'ai peur des mouches', 'San Antonio', 27, '1916.jpg', 'Pocket', NULL, 'Frédéric Dard', '9.99', '2015-11-24', 1, 5),
(1923, 'Renégat', 'Les maîtres d\'Ecosse', 2, '1923.jpg', 'Fleuve Noir', NULL, 'Robyn Young', '21.90', '2015-01-03', 1, 4),
(1929, 'Qui regarde la montagne au loin', 'Sous le vent du monde', 1, '1929.jpg', 'Folio', NULL, 'Pierre Pelot - Yves Coppens', '7.79', '2016-09-11', 1, 5),
(1941, 'Les lumières de Géhenne', 'Influenza', 2, '1941.jpg', 'Pocket', NULL, 'Eric Marchal', '7.69', '2015-10-13', 1, 5),
(1946, 'Le venim', 'Les cavaliers de l\'An Mille', 5, '1946.jpg', 'Editions du Lutrin', NULL, 'Marcel Louis Perrier', '11.40', '2016-10-21', 1, 5),
(1948, 'In anima vili', 'Les mystères de Druon de Brévaux', 4, '1948.jpg', 'Flammarion', NULL, 'Andréa H. Japp', '20.90', '2015-09-24', 1, 4),
(1955, 'Le baptême de judas', 'Damné', 4, '1955.jpg', 'Hugo Roman', NULL, 'Hervé Gagnon', '17.95', '2016-12-20', 1, 4),
(1959, 'Au pays', 'La saga des émigrants', 1, '1959.jpg', 'Le livre de poche', NULL, 'Vilhelm Moberg', '6.75', '2015-01-12', 1, 5),
(1971, 'Italie du nord', 'Le guide du routard', 0, '1971.jpg', 'Hachette', NULL, '', '9.99', '2015-12-14', 1, 5),
(1972, 'Bretagne du nord', 'Le guide du routard', 0, '1972.jpg', 'Hachette', NULL, '', '9.99', '2015-02-12', 1, 5),
(1980, 'L\'hermine', 'Le clan des Mallaig', 0, '1980.jpg', 'Pocket', NULL, 'Diane Lacombe', '7.70', '2016-05-03', 1, 5),
(1983, 'La fille américaine', 'Monika Fegerholm', 0, '1983.jpg', 'Le livre de poche', NULL, '', '7.70', '2016-09-03', 1, 5),
(1984, 'La traversée', 'La saga des émigrants', 2, '1984.jpg', 'Le livre de poche', NULL, 'Vilhelm Moberg', '6.75', '2016-10-01', 1, 5),
(1985, 'La terre bénie', 'La saga des émigrants', 3, '1985.jpg', 'Le livre de poche', NULL, 'Vilhelm Moberg', '8.17', '2015-03-12', 1, 5),
(1986, 'Les pionniers du Minnesota', 'La saga des émigrants', 4, '1986.jpg', 'Le livre de poche', NULL, 'Vilhelm Moberg', '8.17', '2016-12-07', 1, 5),
(1987, 'Au terme du voyage', 'La saga des émigrants', 5, '1987.jpg', 'Le livre de poche', NULL, 'Vilhelm Moberg', '8.17', '2015-07-21', 1, 5),
(1990, 'L\'énigme de Saint Olav', 'Melchior l\'apothicaire', 1, '1990.jpg', 'Babel Noir', NULL, 'Indrek Hargla', '9.70', '2016-05-19', 1, 5),
(1992, 'Les messieurs de St Malo', 'Les messieurs de St Malo', 1, '1992.jpg', 'Le livre de poche', NULL, 'Bernard Simiot', '7.22', '2016-12-29', 1, 5),
(1993, 'Le temps des Carbec', 'Les messieurs de St Malo', 2, '1993.jpg', 'Le livre de poche', NULL, 'Bernard Simiot', '7.22', '2015-08-14', 1, 5),
(1994, 'Rendez-vous à la Malounière', 'Les messieurs de St Malo', 3, '1994.jpg', 'Le livre de poche', NULL, 'Bernard Simiot', '7.22', '2015-04-13', 1, 5),
(2000, 'La voie du livre', 'Malefica', 1, '2000.jpg', 'Hugo Roman', NULL, 'Hervé Gagnon', '17.95', '2015-08-28', 1, 4),
(2019, 'La rose d\'Anjou', 'le crépuscule des rois', 1, '2019.jpg', 'Le livre de poche', NULL, 'Catherine Hermary-Vieille', '6.61', '2015-12-03', 1, 5);
INSERT INTO `tblproduit` (`itmId`, `itmTitre`, `itmSerie`, `itmTome`, `itmImg`, `itmEditeur`, `itmCollection`, `itmScenariste`, `itmPrix`, `itmDate`, `itmOnline`, `itmCatNum`) VALUES
(2025, 'La châtelaine', 'Le clan des Mallaig', 2, '2025.jpg', 'Pocket', NULL, 'Diane Lacombe', '7.70', '2016-12-22', 1, 5),
(2036, 'Sorcha', 'Le clan des Mallaig', 3, '2036.jpg', 'Pocket', NULL, 'Diane Lacombe', '7.70', '2015-12-04', 1, 5),
(2037, 'St Malo', 'De tempête et d\'espoir', 1, '2037.jpg', 'J\'ai lu', NULL, 'Marina Dédéyan', '8.40', '2016-09-11', 1, 5),
(2039, 'Fortune de France', 'Fortune de France', 1, '2039.jpg', 'Le livre de poche', NULL, 'Robert Merle', '6.26', '2016-07-25', 1, 5),
(2049, 'La voie royale', 'Malefica', 2, '2049.jpg', 'Hugo Roman', NULL, 'Hervé Gagnon', '17.05', '2015-08-30', 1, 4),
(2052, 'Persona', 'Les visages de Victoria Bergman', 1, '2052.jpg', 'Babel Noir', NULL, 'Erik Axl Sund', '8.90', '2016-10-29', 1, 5),
(2062, 'Les fauves', 'Les Borgia', 1, '2062.jpg', 'Pocket', NULL, 'Claude Mossé', '6.46', '2015-05-27', 1, 5),
(2069, 'La voie du sang', 'Malefica', 3, '2069.jpg', 'Hugo Roman', NULL, 'Hervé Gagnon', '17.05', '2016-01-27', 1, 4),
(2070, 'Prédation', 'Les voies de l\'ombre', 1, '2070.jpg', 'Le livre de poche', NULL, 'Jérôme Camut - Nathalie Hug', '7.50', '2015-04-13', 1, 5),
(2080, 'Trauma', 'Les visages de Victoria Bergman', 2, '2080.jpg', 'Babel Noir', NULL, 'Erik Axl Sund', '8.46', '2016-07-21', 1, 5),
(2090, 'Le chasseur de sorcières', 'Les enquêtes de John de Wolfe', 1, '2090.jpg', 'Pygmalion', NULL, 'Bernard Knight', '9.99', '2015-03-09', 1, 4),
(2097, 'Millenium 4', 'millénium', 4, '2097.jpg', 'Actes Sud', NULL, 'David Lagercrantz', '23.00', '2015-02-18', 1, 4),
(2101, 'Catharsis', 'Les visages de Victoria Bergman', 3, '2101.jpg', 'Babel Noir', NULL, 'Erik Axl Sund', '8.36', '2015-09-22', 1, 5),
(2103, 'Partie d\'échec', 'Les rebelles', 1, '2103.jpg', 'J\'ai lu', NULL, 'suzanne Enoch', '9.99', '2016-08-11', 1, 5),
(2128, 'La moisson des innocents', 'Les enquêtes du généalogiste', 0, '2128.jpg', 'Babel Noir', NULL, 'Dan Waddell', '8.37', '2016-08-18', 1, 5),
(2130, 'L\'hérésie Maya', 'La trilogie Nostradamus', 2, '2130.jpg', 'Pocket', NULL, 'Mario Reading', '5.82', '2016-11-21', 1, 5),
(2131, 'Le troisième antéchrist', 'La trilogie Nostradamus', 3, '2131.jpg', 'Pocket', NULL, 'Mario Reading', '8.06', '2015-07-08', 1, 5),
(2147, 'Le cercle de Farthing', 'Subtil changement', 1, '2147.jpg', 'Denoël', NULL, 'Jo Walton', '21.50', '2016-05-17', 1, 4),
(2150, 'Sidney Chambers et l\'ombre de la mort', 'Les mystères de Grandcester', 0, '2150.jpg', 'Actes Sud', NULL, 'James Runcie', '22.80', '2015-09-19', 1, 4),
(2153, 'Le dernier roi de Brighton', 'La trilogie de Brighton', 2, '2153.jpg', 'Babel Noir', NULL, 'Peter Guttridge', '9.00', '2016-07-18', 1, 5);

-- --------------------------------------------------------

--
-- Structure de la table `tblproduitcat`
--

DROP TABLE IF EXISTS `tblproduitcat`;
CREATE TABLE IF NOT EXISTS `tblproduitcat` (
  `itmCatId` int NOT NULL AUTO_INCREMENT,
  `itmCatTitre` varchar(255) CHARACTER SET utf8mb4 COLLATE utf8mb4_bin DEFAULT NULL,
  `itmCatOnline` int DEFAULT '0',
  `itmCatClass` int DEFAULT '0',
  PRIMARY KEY (`itmCatId`)
) ENGINE=MyISAM AUTO_INCREMENT=8 DEFAULT CHARSET=utf8mb4 COLLATE=utf8mb4_bin;

--
-- Déchargement des données de la table `tblproduitcat`
--

INSERT INTO `tblproduitcat` (`itmCatId`, `itmCatTitre`, `itmCatOnline`, `itmCatClass`) VALUES
(1, 'Franco-Belge', 1, 0),
(2, 'Manga', 1, 0),
(3, 'Comic', 1, 0),
(4, 'Broché', 1, 0),
(5, 'Poche', 1, 0),
(6, 'Bande dessinée', 1, 0),
(7, 'Livre', 1, 0);

-- --------------------------------------------------------

--
-- Structure de la table `tblproduitxclient`
--

DROP TABLE IF EXISTS `tblproduitxclient`;
CREATE TABLE IF NOT EXISTS `tblproduitxclient` (
  `itmXId` int NOT NULL AUTO_INCREMENT,
  `itmXItmNum` int DEFAULT '0',
  `itmXClientNum` int DEFAULT '0',
  `itmXDate` date DEFAULT NULL,
  PRIMARY KEY (`itmXId`)
) ENGINE=MyISAM AUTO_INCREMENT=18681 DEFAULT CHARSET=utf8mb4 COLLATE=utf8mb4_bin;

--
-- Déchargement des données de la table `tblproduitxclient`
--

INSERT INTO `tblproduitxclient` (`itmXId`, `itmXItmNum`, `itmXClientNum`, `itmXDate`) VALUES
(15292, 1132, 35, '2020-01-25'),
(15291, 12, 35, '2020-01-25'),
(15288, 376, 56, '2021-03-03'),
(15287, 221, 56, '2021-03-03'),
(15285, 1114, 56, '2021-03-03'),
(15282, 436, 56, '2021-03-03'),
(15277, 1916, 14, '2020-04-19'),
(15273, 63, 44, '2020-08-14'),
(15272, 1695, 44, '2020-08-14'),
(15271, 1138, 44, '2020-08-14'),
(15269, 272, 53, '2021-09-26'),
(15264, 1133, 1, '2022-05-14'),
(15263, 846, 1, '2022-05-14'),
(15260, 321, 13, '2019-03-20'),
(15259, 844, 61, '2019-03-22'),
(15558, 108, 23, '2020-03-28'),
(15251, 305, 8, '2019-07-27'),
(15557, 1990, 23, '2020-03-28'),
(15250, 1695, 8, '2019-07-27'),
(15244, 323, 59, '2020-06-05'),
(15238, 868, 59, '2020-06-05'),
(15237, 1401, 41, '2022-10-25'),
(15556, 1086, 23, '2020-03-28'),
(15233, 49, 41, '2022-10-25'),
(15218, 975, 52, '2019-07-07'),
(15214, 1140, 52, '2019-07-07'),
(15212, 2, 52, '2019-07-07'),
(15211, 264, 52, '2019-07-07'),
(15210, 1923, 52, '2019-07-07'),
(15209, 235, 51, '2020-08-19'),
(15205, 206, 51, '2020-08-19'),
(15204, 350, 51, '2020-08-19'),
(15203, 355, 51, '2020-08-19'),
(15195, 341, 17, '2019-09-16'),
(15191, 511, 60, '2020-04-04'),
(15190, 5, 60, '2020-04-04'),
(15187, 286, 64, '2021-08-06'),
(15185, 117, 6, '2022-11-24'),
(15182, 334, 6, '2022-11-24'),
(15181, 765, 6, '2022-11-24'),
(15178, 137, 13, '2020-04-26'),
(15175, 210, 13, '2020-04-26'),
(15174, 108, 49, '2021-05-06'),
(15173, 1180, 49, '2021-05-06'),
(15551, 794, 23, '2021-11-10'),
(15172, 1384, 49, '2021-05-06'),
(15168, 1704, 49, '2021-05-06'),
(15167, 51, 49, '2021-05-06'),
(15166, 967, 49, '2021-05-06'),
(15165, 12, 29, '2020-08-18'),
(15162, 250, 29, '2020-08-18'),
(15161, 376, 29, '2020-08-18'),
(15158, 916, 36, '2019-02-16'),
(15155, 154, 36, '2019-02-16'),
(15151, 1135, 64, '2022-01-23'),
(15148, 797, 64, '2022-01-23'),
(15143, 435, 10, '2019-03-16'),
(15140, 287, 10, '2019-03-16'),
(15138, 361, 15, '2021-01-08'),
(15137, 693, 15, '2021-01-08'),
(15135, 889, 15, '2021-01-08'),
(15547, 298, 23, '2021-11-10'),
(15133, 1108, 16, '2022-12-24'),
(15130, 212, 16, '2022-12-24'),
(15546, 973, 23, '2021-11-10'),
(15127, 334, 46, '2022-08-03'),
(15126, 377, 46, '2022-08-03'),
(15122, 966, 20, '2019-09-23'),
(15118, 989, 44, '2021-03-05'),
(15116, 1056, 45, '2021-10-13'),
(15115, 194, 45, '2021-10-13'),
(15545, 1358, 49, '2019-04-09'),
(15113, 311, 53, '2022-01-18'),
(15109, 209, 53, '2022-01-18'),
(15104, 935, 61, '2022-10-16'),
(15103, 66, 61, '2022-10-16'),
(15102, 809, 4, '2022-11-26'),
(15101, 443, 4, '2022-11-26'),
(15100, 172, 4, '2022-11-26'),
(15099, 1400, 4, '2022-11-26'),
(15098, 89, 4, '2022-11-26'),
(15097, 272, 4, '2022-11-26'),
(15096, 226, 4, '2022-11-26'),
(15095, 1626, 4, '2022-11-26'),
(15093, 247, 66, '2022-10-15'),
(15090, 1088, 66, '2022-10-15'),
(15088, 19, 66, '2022-10-15'),
(15083, 322, 62, '2021-01-06'),
(15082, 340, 62, '2021-01-06'),
(15081, 39, 62, '2021-01-06'),
(15080, 1884, 62, '2021-01-06'),
(15079, 864, 62, '2021-01-06'),
(15078, 230, 22, '2020-06-01'),
(15077, 298, 22, '2020-06-01'),
(15076, 1625, 60, '2022-02-21'),
(15075, 1851, 60, '2022-02-21'),
(15074, 289, 60, '2022-02-21'),
(15073, 389, 8, '2021-05-09'),
(15068, 284, 8, '2021-05-09'),
(15065, 1793, 8, '2021-05-09'),
(15059, 1220, 1, '2020-03-16'),
(15056, 221, 34, '2021-04-22'),
(15055, 1054, 34, '2021-04-22'),
(15538, 222, 49, '2019-04-09'),
(15047, 1, 1, '2020-05-03'),
(15046, 183, 1, '2020-05-03'),
(15045, 180, 20, '2021-11-11'),
(15043, 395, 20, '2021-11-11'),
(15040, 1078, 20, '2021-11-11'),
(15036, 105, 24, '2019-03-04'),
(15033, 1226, 24, '2019-03-04'),
(15026, 148, 48, '2019-04-05'),
(15024, 528, 48, '2019-04-05'),
(15023, 37, 48, '2019-04-05'),
(15536, 844, 64, '2019-04-09'),
(15534, 1200, 64, '2019-04-09'),
(15007, 846, 5, '2022-06-25'),
(15532, 176, 64, '2019-04-09'),
(15004, 102, 18, '2021-07-24'),
(15002, 277, 18, '2021-07-24'),
(15531, 1257, 33, '2022-01-23'),
(15528, 1993, 33, '2022-01-23'),
(15526, 1627, 33, '2022-01-23'),
(15521, 177, 26, '2019-01-04'),
(15520, 1955, 26, '2019-01-04'),
(15519, 327, 26, '2019-01-04'),
(15518, 699, 26, '2019-01-04'),
(15517, 2025, 26, '2019-01-04'),
(15513, 29, 11, '2019-02-11'),
(15512, 356, 66, '2019-12-10'),
(15507, 64, 66, '2019-12-10'),
(15501, 1140, 27, '2021-09-24'),
(15500, 146, 27, '2021-09-24'),
(15499, 1210, 27, '2021-09-24'),
(15498, 725, 27, '2021-09-24'),
(15494, 868, 27, '2021-09-24'),
(15489, 201, 33, '2022-05-07'),
(15483, 1381, 38, '2020-03-27'),
(15482, 339, 11, '2021-03-17'),
(15474, 36, 11, '2021-03-17'),
(15471, 49, 49, '2022-07-15'),
(15469, 124, 49, '2022-07-15'),
(15468, 499, 49, '2022-07-15'),
(15465, 379, 56, '2021-08-22'),
(15460, 1916, 44, '2022-04-04'),
(15456, 1183, 44, '2022-04-04'),
(15453, 4, 11, '2021-02-26'),
(15452, 148, 11, '2021-02-26'),
(15451, 1536, 11, '2021-02-26'),
(15449, 383, 11, '2021-02-26'),
(15447, 123, 11, '2021-02-26'),
(15446, 657, 11, '2021-02-26'),
(15444, 261, 11, '2021-02-26'),
(15443, 723, 22, '2020-06-06'),
(15441, 90, 10, '2020-12-04'),
(15436, 332, 20, '2022-12-23'),
(15435, 29, 20, '2022-12-23'),
(15434, 1204, 20, '2022-12-23'),
(15433, 1048, 20, '2022-12-23'),
(15417, 392, 55, '2022-10-18'),
(15414, 498, 62, '2022-01-27'),
(15410, 1141, 62, '2022-01-27'),
(15406, 162, 42, '2021-09-10'),
(15404, 127, 45, '2020-09-03'),
(15402, 258, 45, '2020-09-03'),
(15396, 65, 52, '2022-12-18'),
(15388, 73, 55, '2021-09-03'),
(15386, 1119, 33, '2022-10-08'),
(15384, 1704, 33, '2022-10-08'),
(15369, 1113, 55, '2022-09-24'),
(15368, 1915, 55, '2022-09-24'),
(15366, 172, 55, '2022-09-24'),
(15364, 1383, 55, '2022-09-24'),
(15362, 981, 55, '2022-09-24'),
(15353, 341, 17, '2022-01-15'),
(15342, 84, 50, '2019-12-20'),
(15340, 973, 50, '2019-12-20'),
(15338, 359, 50, '2019-12-20'),
(15337, 1793, 50, '2022-10-03'),
(15334, 1184, 50, '2022-10-03'),
(15333, 1126, 50, '2022-10-03'),
(15330, 51, 50, '2022-10-03'),
(15329, 5, 50, '2022-10-03'),
(15328, 130, 50, '2022-10-03'),
(15325, 248, 64, '2020-08-24'),
(15321, 291, 64, '2020-08-24'),
(15317, 1133, 2, '2022-08-14'),
(15313, 705, 2, '2022-08-14'),
(15301, 1089, 61, '2019-12-18'),
(15300, 234, 61, '2019-12-18'),
(15294, 952, 28, '2022-06-28'),
(15561, 2000, 2, '2020-08-20'),
(15562, 2101, 2, '2020-08-20'),
(15564, 1383, 2, '2020-08-20'),
(15565, 285, 2, '2020-08-20'),
(15570, 718, 20, '2019-08-24'),
(15573, 723, 65, '2022-03-12'),
(15578, 1056, 42, '2019-12-04'),
(15589, 1199, 20, '2020-12-06'),
(15590, 344, 20, '2020-12-06'),
(15591, 76, 20, '2020-12-06'),
(15596, 342, 22, '2020-01-25'),
(15598, 2090, 22, '2020-01-25'),
(15601, 1850, 22, '2020-01-25'),
(15603, 1771, 22, '2020-01-25'),
(15604, 1194, 66, '2019-06-11'),
(15606, 61, 66, '2019-06-11'),
(15607, 1190, 66, '2019-06-11'),
(15611, 358, 8, '2021-08-16'),
(15615, 242, 8, '2021-08-16'),
(15617, 1389, 8, '2021-08-16'),
(15618, 1189, 8, '2021-08-16'),
(15620, 972, 25, '2020-02-16'),
(15623, 1139, 25, '2020-02-16'),
(15624, 103, 25, '2020-02-16'),
(15629, 209, 14, '2021-04-22'),
(15631, 1371, 14, '2021-04-22'),
(15632, 1194, 14, '2021-04-22'),
(15633, 2080, 14, '2021-04-22'),
(15634, 20, 14, '2021-04-22'),
(15638, 263, 17, '2020-07-06'),
(15641, 1135, 17, '2020-07-06'),
(15643, 149, 17, '2020-07-06'),
(15644, 257, 59, '2020-10-25'),
(15648, 303, 59, '2020-10-25'),
(15651, 1884, 59, '2020-10-25'),
(15654, 196, 57, '2020-04-16'),
(15658, 1941, 57, '2020-04-16'),
(15660, 1771, 32, '2020-06-02'),
(15663, 308, 13, '2022-12-12'),
(15669, 1122, 22, '2021-07-17'),
(15671, 726, 22, '2021-07-17'),
(15675, 721, 22, '2021-07-17'),
(15678, 1400, 19, '2021-04-20'),
(15679, 1742, 19, '2021-04-20'),
(15680, 262, 19, '2021-04-20'),
(15682, 190, 10, '2019-10-17'),
(15685, 1055, 43, '2022-07-10'),
(15686, 1206, 43, '2022-07-10'),
(15687, 221, 43, '2022-07-10'),
(15691, 1114, 43, '2022-07-10'),
(15703, 893, 23, '2022-02-16'),
(15706, 1625, 23, '2022-02-16'),
(15707, 76, 23, '2022-02-16'),
(15716, 1833, 6, '2021-07-03'),
(15718, 1058, 6, '2021-07-03'),
(15722, 170, 17, '2020-05-21'),
(15723, 1219, 17, '2020-05-21'),
(15728, 2090, 55, '2022-02-22'),
(15736, 1054, 8, '2020-08-11'),
(15738, 755, 49, '2020-01-02'),
(15745, 2147, 43, '2020-07-07'),
(15747, 49, 43, '2020-07-07'),
(15748, 6, 43, '2020-07-07'),
(15750, 979, 43, '2020-07-07'),
(15756, 1360, 56, '2022-01-07'),
(15757, 268, 56, '2022-01-07'),
(15761, 240, 32, '2020-12-15'),
(15765, 308, 61, '2019-05-28'),
(15766, 267, 61, '2019-05-28'),
(15767, 39, 61, '2019-05-28'),
(15770, 845, 61, '2019-05-28'),
(15774, 719, 16, '2021-08-19'),
(15778, 85, 16, '2021-08-19'),
(15779, 1077, 22, '2019-11-22'),
(15781, 1125, 22, '2019-11-22'),
(15783, 1788, 39, '2020-04-16'),
(15787, 1109, 60, '2021-12-10'),
(15796, 1115, 41, '2020-11-25'),
(15799, 39, 41, '2020-11-25'),
(15801, 1043, 41, '2020-11-25'),
(15802, 1987, 41, '2020-11-25'),
(15811, 383, 62, '2021-11-08'),
(15813, 1971, 66, '2020-06-09'),
(15814, 52, 66, '2020-06-09'),
(15817, 171, 66, '2020-06-09'),
(15820, 880, 66, '2020-06-09'),
(15825, 1109, 41, '2020-03-13'),
(15827, 1207, 41, '2020-03-13'),
(15828, 427, 41, '2020-03-13'),
(15832, 766, 61, '2019-10-14'),
(15833, 313, 34, '2022-03-21'),
(15836, 290, 34, '2022-03-21'),
(15837, 1006, 27, '2020-02-01'),
(15844, 1104, 62, '2021-07-05'),
(15847, 765, 2, '2019-07-23'),
(15849, 100, 2, '2019-07-23'),
(15851, 394, 2, '2019-07-23'),
(15859, 197, 62, '2022-10-11'),
(15868, 305, 53, '2021-04-02'),
(15871, 980, 66, '2022-01-19'),
(15873, 256, 66, '2022-01-19'),
(15874, 1059, 66, '2022-01-19'),
(15875, 1994, 66, '2022-01-19'),
(15877, 396, 66, '2022-01-19'),
(15878, 1136, 66, '2022-01-19'),
(15883, 159, 8, '2020-10-04'),
(15889, 114, 43, '2020-03-23'),
(15890, 2062, 43, '2020-03-23'),
(15892, 1402, 43, '2020-03-23'),
(15901, 578, 32, '2022-01-12'),
(15902, 1704, 32, '2022-01-12'),
(15904, 101, 32, '2022-01-12'),
(15910, 484, 50, '2020-01-07'),
(15919, 295, 30, '2022-10-11'),
(15924, 284, 24, '2019-09-09'),
(15935, 2062, 1, '2021-07-09'),
(15940, 1629, 1, '2021-07-09'),
(15943, 765, 55, '2019-02-01'),
(15948, 1790, 1, '2019-05-07'),
(15950, 283, 1, '2019-05-07'),
(15951, 339, 1, '2019-05-07'),
(15952, 1198, 1, '2019-05-07'),
(15954, 1790, 59, '2022-12-17'),
(15955, 1004, 59, '2022-12-17'),
(15957, 1044, 59, '2022-12-17'),
(15960, 165, 59, '2022-12-17'),
(15964, 1218, 51, '2020-02-25'),
(15970, 1858, 51, '2020-02-25'),
(15981, 91, 45, '2019-12-23'),
(15982, 702, 45, '2019-12-23'),
(15988, 1763, 19, '2022-10-28'),
(15989, 755, 19, '2022-10-28'),
(15993, 34, 19, '2022-10-28'),
(15994, 1702, 19, '2022-10-28'),
(15998, 384, 30, '2021-06-14'),
(16001, 749, 18, '2020-09-10'),
(16006, 1184, 18, '2020-09-10'),
(16007, 756, 55, '2021-11-25'),
(16011, 43, 55, '2021-11-25'),
(16013, 238, 55, '2021-11-25'),
(16017, 1972, 52, '2019-02-03'),
(16021, 895, 52, '2019-02-03'),
(16022, 179, 52, '2019-02-03'),
(16028, 767, 4, '2022-11-15'),
(16029, 100, 7, '2019-10-04'),
(16035, 48, 7, '2019-10-04'),
(16037, 1078, 53, '2019-01-02'),
(16038, 80, 53, '2019-01-02'),
(16046, 527, 50, '2021-06-18'),
(16050, 185, 27, '2019-01-15'),
(16052, 168, 27, '2019-01-15'),
(16059, 2097, 23, '2019-12-12'),
(16060, 348, 23, '2019-12-12'),
(16061, 30, 23, '2019-12-12'),
(16062, 300, 23, '2019-12-12'),
(16064, 443, 23, '2019-12-12'),
(16065, 843, 44, '2021-02-08'),
(16068, 1021, 44, '2021-02-08'),
(16071, 2153, 35, '2021-12-01'),
(16072, 145, 35, '2021-12-01'),
(16075, 846, 35, '2021-12-01'),
(16077, 1889, 13, '2020-06-02'),
(16078, 428, 13, '2020-06-02'),
(16079, 795, 13, '2020-06-02'),
(16084, 1427, 13, '2020-06-02'),
(16087, 223, 55, '2020-01-07'),
(16089, 255, 55, '2020-01-07'),
(16094, 152, 61, '2019-04-17'),
(16095, 1087, 61, '2019-04-17'),
(16098, 144, 61, '2019-04-17'),
(16099, 1367, 61, '2019-04-17'),
(16100, 297, 61, '2019-04-17'),
(16101, 1199, 56, '2019-02-07'),
(16104, 1183, 56, '2019-02-07'),
(16105, 216, 56, '2019-02-07'),
(16106, 1362, 56, '2019-02-07'),
(16109, 727, 45, '2020-12-21'),
(16111, 265, 45, '2020-12-21'),
(16112, 1008, 45, '2020-12-21'),
(16118, 719, 44, '2019-01-17'),
(16119, 2019, 50, '2021-12-19'),
(16120, 102, 50, '2021-12-19'),
(16121, 1364, 50, '2021-12-19'),
(16123, 981, 50, '2021-12-19'),
(16125, 28, 50, '2021-12-19'),
(16130, 42, 27, '2019-04-12'),
(16131, 2069, 27, '2019-04-12'),
(16136, 171, 58, '2021-03-27'),
(16143, 45, 23, '2021-03-09'),
(16147, 428, 23, '2021-03-09'),
(16148, 726, 23, '2021-03-09'),
(16150, 329, 23, '2021-03-09'),
(16151, 1367, 23, '2021-03-09'),
(16152, 1085, 27, '2019-02-05'),
(16154, 599, 27, '2019-02-05'),
(16156, 1130, 27, '2019-02-05'),
(16157, 237, 27, '2019-02-05'),
(16162, 1797, 23, '2022-07-24'),
(16164, 76, 23, '2022-07-24'),
(16165, 1205, 28, '2019-03-25'),
(16168, 262, 28, '2019-03-25'),
(16170, 7, 28, '2019-03-25'),
(16178, 63, 11, '2020-05-04'),
(16184, 159, 43, '2019-01-13'),
(16199, 1249, 48, '2019-12-19'),
(16210, 144, 15, '2022-01-14'),
(16211, 2131, 15, '2022-01-14'),
(16214, 8, 15, '2022-01-14'),
(16215, 268, 15, '2022-01-14'),
(16217, 1117, 53, '2019-01-09'),
(16219, 965, 2, '2021-02-24'),
(16221, 328, 2, '2021-02-24'),
(16222, 844, 2, '2021-02-24'),
(16223, 1129, 2, '2021-02-24'),
(16225, 201, 2, '2021-02-24'),
(16233, 1851, 27, '2019-02-08'),
(16234, 2150, 27, '2019-02-08'),
(16236, 228, 27, '2019-02-08'),
(16239, 1231, 27, '2019-02-08'),
(16242, 201, 56, '2019-11-19'),
(16246, 199, 8, '2020-04-13'),
(16249, 337, 8, '2020-04-13'),
(16251, 323, 8, '2020-04-13'),
(16253, 297, 53, '2021-03-12'),
(16254, 896, 53, '2021-03-12'),
(16256, 144, 53, '2021-03-12'),
(16259, 1882, 53, '2021-03-12'),
(16261, 133, 56, '2020-09-26'),
(16264, 1108, 56, '2020-09-26'),
(16268, 186, 56, '2020-09-26'),
(16271, 1793, 47, '2019-07-05'),
(16272, 697, 47, '2019-07-05'),
(16275, 1093, 33, '2019-03-09'),
(16277, 96, 33, '2019-03-09'),
(16279, 2052, 33, '2019-03-09'),
(16281, 427, 33, '2019-03-09'),
(16286, 89, 6, '2022-05-08'),
(16291, 34, 47, '2021-11-06'),
(16295, 59, 47, '2021-11-06'),
(16296, 1400, 47, '2021-11-06'),
(16306, 392, 66, '2020-10-08'),
(16307, 1431, 66, '2020-10-08'),
(16310, 149, 66, '2020-10-08'),
(16320, 316, 62, '2020-05-12'),
(16325, 1058, 13, '2020-09-20'),
(16326, 1130, 13, '2020-09-20'),
(16329, 1364, 13, '2020-09-20'),
(16331, 1426, 61, '2021-09-18'),
(16332, 373, 61, '2021-09-18'),
(16337, 1191, 61, '2021-09-18'),
(16338, 1366, 61, '2021-09-18'),
(16339, 181, 19, '2019-01-28'),
(16340, 187, 19, '2019-01-28'),
(16341, 119, 19, '2019-01-28'),
(16342, 723, 27, '2021-10-17'),
(16345, 764, 27, '2021-10-17'),
(16347, 56, 27, '2021-10-17'),
(16350, 1126, 27, '2021-10-17'),
(16355, 361, 44, '2020-01-27'),
(16356, 275, 44, '2020-01-27'),
(16359, 1368, 44, '2020-01-27'),
(16360, 1233, 44, '2020-01-27'),
(16361, 79, 44, '2020-01-27'),
(16370, 165, 38, '2020-07-12'),
(16375, 1735, 39, '2021-01-06'),
(16376, 290, 39, '2021-01-06'),
(16381, 86, 64, '2022-07-12'),
(16387, 213, 45, '2020-11-11'),
(16389, 179, 45, '2020-11-11'),
(16393, 1223, 60, '2019-01-03'),
(16396, 1774, 18, '2022-04-24'),
(16397, 1066, 18, '2022-04-24'),
(16398, 60, 18, '2022-04-24'),
(16399, 358, 13, '2019-07-20'),
(16409, 1365, 39, '2019-11-23'),
(16412, 1231, 39, '2019-11-23'),
(16413, 1115, 39, '2019-11-23'),
(16415, 1625, 39, '2019-11-23'),
(16416, 1986, 19, '2022-09-09'),
(16418, 839, 53, '2022-01-04'),
(16420, 1017, 53, '2022-01-04'),
(16422, 1694, 53, '2022-01-04'),
(16424, 280, 53, '2022-01-04'),
(16425, 31, 53, '2022-01-04'),
(16433, 119, 14, '2022-03-25'),
(16434, 25, 14, '2022-03-25'),
(16435, 346, 64, '2020-02-23'),
(16442, 390, 34, '2022-08-27'),
(16443, 131, 34, '2022-08-27'),
(16444, 1233, 34, '2022-08-27'),
(16446, 794, 34, '2022-08-27'),
(16447, 260, 34, '2022-08-27'),
(16450, 1009, 32, '2019-05-01'),
(16452, 1207, 32, '2019-05-01'),
(16453, 1010, 58, '2021-07-15'),
(16457, 966, 58, '2021-07-15'),
(16458, 1627, 58, '2021-07-15'),
(16461, 980, 58, '2021-07-15'),
(16466, 1788, 62, '2022-10-17'),
(16470, 117, 62, '2022-10-17'),
(16472, 2, 62, '2022-10-17'),
(16483, 165, 25, '2022-05-09'),
(16484, 17, 25, '2022-05-09'),
(16485, 427, 25, '2022-05-09'),
(16486, 132, 25, '2022-05-09'),
(16488, 301, 25, '2021-07-19'),
(16492, 149, 38, '2022-09-04'),
(16493, 253, 38, '2022-09-04'),
(16495, 1422, 61, '2019-10-05'),
(16499, 1010, 61, '2019-10-05'),
(16501, 150, 33, '2022-01-09'),
(16503, 435, 33, '2022-01-09'),
(16504, 49, 33, '2022-01-09'),
(16505, 361, 59, '2020-11-03'),
(16511, 122, 59, '2020-11-03'),
(16513, 762, 59, '2020-11-03'),
(16515, 895, 27, '2022-12-19'),
(16518, 1425, 29, '2020-04-12'),
(16522, 197, 29, '2020-04-12'),
(16525, 1194, 18, '2019-10-23'),
(16527, 1355, 18, '2019-10-23'),
(16529, 499, 10, '2019-03-12'),
(16531, 1397, 10, '2019-03-12'),
(16534, 263, 10, '2019-03-12'),
(16536, 88, 10, '2019-03-12'),
(16537, 2103, 10, '2019-03-12'),
(16539, 294, 19, '2019-09-19'),
(16542, 208, 28, '2022-11-19'),
(16544, 1625, 28, '2022-11-19'),
(16546, 889, 28, '2022-11-19'),
(16550, 282, 65, '2021-12-10'),
(16553, 762, 65, '2021-12-10'),
(16554, 305, 11, '2019-11-18'),
(16557, 893, 11, '2019-11-18'),
(16559, 106, 11, '2019-11-18'),
(16560, 2103, 11, '2019-11-18'),
(16562, 843, 11, '2019-11-18'),
(16564, 131, 25, '2022-04-15'),
(16565, 242, 25, '2022-04-15'),
(16566, 1197, 25, '2022-04-15'),
(16568, 174, 25, '2022-04-15'),
(16571, 392, 25, '2022-04-15'),
(16573, 15, 42, '2019-07-02'),
(16580, 1019, 3, '2022-03-25'),
(16595, 316, 64, '2020-05-01'),
(16598, 319, 64, '2020-05-01'),
(16599, 74, 52, '2022-04-10'),
(16600, 1218, 52, '2022-04-10'),
(16607, 1713, 62, '2019-04-14'),
(16610, 1362, 48, '2022-10-25'),
(16613, 330, 48, '2022-10-25'),
(16614, 1371, 48, '2022-10-25'),
(16615, 66, 48, '2022-10-25'),
(16622, 509, 33, '2022-01-14'),
(16624, 15, 33, '2022-01-14'),
(16625, 701, 33, '2022-01-14'),
(16630, 719, 15, '2021-10-04'),
(16632, 767, 15, '2021-10-04'),
(16635, 133, 15, '2021-10-04'),
(16637, 253, 15, '2021-10-04'),
(16653, 318, 32, '2021-07-20'),
(16655, 20, 32, '2021-07-20'),
(16661, 84, 50, '2021-02-17'),
(16662, 1363, 50, '2021-02-17'),
(16663, 384, 62, '2022-01-06'),
(16666, 1763, 62, '2022-01-06'),
(16668, 1048, 24, '2020-02-08'),
(16670, 98, 24, '2020-02-08'),
(16674, 200, 20, '2022-02-10'),
(16675, 193, 20, '2022-02-10'),
(16682, 953, 26, '2020-04-24'),
(16683, 246, 26, '2020-04-24'),
(16684, 258, 26, '2020-04-24'),
(16685, 951, 26, '2020-04-24'),
(16687, 361, 26, '2020-11-12'),
(16691, 226, 57, '2019-05-15'),
(16696, 442, 57, '2019-05-15'),
(16698, 1017, 57, '2019-05-15'),
(16702, 226, 50, '2020-07-05'),
(16703, 1121, 36, '2020-06-24'),
(16704, 1116, 36, '2020-06-24'),
(16706, 809, 3, '2019-04-26'),
(16708, 194, 3, '2019-04-26'),
(16710, 26, 3, '2019-04-26'),
(16711, 115, 3, '2019-04-26'),
(16714, 301, 3, '2019-04-26'),
(16716, 1129, 37, '2021-08-02'),
(16718, 1789, 37, '2021-08-02'),
(16719, 1232, 37, '2021-08-02'),
(16720, 1808, 37, '2021-08-02'),
(16724, 702, 39, '2019-05-28'),
(16727, 1431, 39, '2019-05-28'),
(16731, 1401, 39, '2019-05-28'),
(16734, 349, 1, '2019-12-27'),
(16736, 167, 1, '2019-12-27'),
(16737, 47, 1, '2019-12-27'),
(16741, 1009, 18, '2020-05-24'),
(16742, 765, 18, '2020-05-24'),
(16744, 67, 62, '2020-02-26'),
(16745, 1723, 62, '2020-02-26'),
(16748, 1116, 62, '2020-02-26'),
(16749, 12, 62, '2020-02-26'),
(16751, 275, 62, '2020-02-26'),
(16753, 298, 62, '2020-02-26'),
(16755, 1400, 3, '2020-06-18'),
(16756, 1371, 3, '2020-06-18'),
(16761, 328, 5, '2022-11-21'),
(16766, 965, 36, '2021-12-25'),
(16768, 1107, 36, '2021-12-25'),
(16770, 344, 36, '2021-12-25'),
(16771, 1088, 36, '2021-12-25'),
(16772, 164, 36, '2021-12-25'),
(16773, 721, 36, '2021-12-25'),
(16774, 693, 36, '2021-12-25'),
(16775, 657, 45, '2021-07-04'),
(16777, 1883, 45, '2021-07-04'),
(16778, 1104, 45, '2021-07-04'),
(16780, 407, 45, '2021-07-04'),
(16782, 1196, 38, '2020-07-07'),
(16788, 572, 38, '2020-07-07'),
(16789, 44, 38, '2020-07-07'),
(16796, 1108, 22, '2019-06-17'),
(16801, 1139, 12, '2021-02-27'),
(16802, 895, 12, '2021-02-27'),
(16804, 1085, 12, '2021-02-27'),
(16805, 845, 12, '2021-02-27'),
(16810, 244, 42, '2021-02-20'),
(16811, 705, 42, '2021-02-20'),
(16817, 1406, 52, '2021-07-25'),
(16819, 1735, 52, '2021-07-25'),
(16821, 85, 17, '2019-02-05'),
(16822, 291, 17, '2019-02-05'),
(16827, 70, 16, '2021-08-13'),
(16829, 324, 16, '2021-08-13'),
(16832, 1225, 16, '2021-08-13'),
(16833, 373, 29, '2020-08-25'),
(16840, 2090, 45, '2022-08-10'),
(16841, 167, 45, '2022-08-10'),
(16845, 225, 45, '2022-08-10'),
(16849, 1051, 32, '2019-07-16'),
(16851, 1207, 32, '2019-07-16'),
(16853, 251, 32, '2019-07-16'),
(16856, 758, 35, '2019-11-02'),
(16857, 2025, 35, '2019-11-02'),
(16859, 857, 46, '2021-03-17'),
(16861, 112, 22, '2022-11-23'),
(16862, 1358, 22, '2022-11-23'),
(16863, 759, 22, '2022-11-23'),
(16866, 1397, 22, '2022-11-23'),
(16868, 349, 22, '2022-11-23'),
(16873, 1121, 35, '2022-01-18'),
(16880, 288, 6, '2022-10-18'),
(16882, 1789, 6, '2022-10-18'),
(16887, 219, 24, '2022-02-06'),
(16888, 285, 24, '2022-02-06'),
(16889, 203, 24, '2022-02-06'),
(16890, 1223, 24, '2022-02-06'),
(16893, 7, 24, '2022-02-06'),
(16899, 2037, 55, '2020-06-04'),
(16900, 112, 55, '2020-06-04'),
(16904, 170, 13, '2019-01-18'),
(16907, 394, 13, '2019-01-18'),
(16909, 1401, 13, '2019-01-18'),
(16910, 194, 13, '2019-01-18'),
(16912, 2103, 16, '2019-08-07'),
(16913, 206, 16, '2019-08-07'),
(16915, 840, 56, '2021-02-20'),
(16920, 230, 20, '2022-10-27'),
(16922, 934, 20, '2022-10-27'),
(16924, 92, 20, '2022-10-27'),
(16931, 263, 61, '2022-07-25'),
(16940, 751, 24, '2020-06-19'),
(16943, 115, 59, '2019-04-22'),
(16944, 974, 59, '2019-04-22'),
(16948, 1140, 59, '2019-04-22'),
(16949, 1207, 59, '2019-04-22'),
(16951, 1195, 49, '2020-06-06'),
(16952, 1051, 14, '2020-04-09'),
(16953, 206, 14, '2020-04-09'),
(16956, 76, 14, '2020-04-09'),
(16959, 1227, 14, '2020-04-09'),
(16962, 263, 14, '2019-02-28'),
(16969, 111, 12, '2019-06-20'),
(16970, 1763, 12, '2019-06-20'),
(16971, 1849, 12, '2019-06-20'),
(16972, 1377, 12, '2019-06-20'),
(16975, 300, 12, '2019-06-20'),
(16980, 1117, 7, '2022-01-09'),
(16985, 890, 60, '2022-10-20'),
(16989, 243, 58, '2019-05-21'),
(16990, 2070, 58, '2019-05-21'),
(16991, 1195, 58, '2019-05-21'),
(16992, 1229, 58, '2019-05-21'),
(16997, 1019, 58, '2019-05-21'),
(16999, 233, 15, '2019-05-16'),
(17001, 1992, 15, '2019-05-16'),
(17006, 2, 43, '2020-05-22'),
(17008, 1365, 43, '2020-05-22'),
(17011, 1358, 53, '2021-09-10'),
(17012, 19, 53, '2021-09-10'),
(17019, 1882, 22, '2022-05-15'),
(17025, 1878, 64, '2022-06-16'),
(17028, 36, 64, '2022-06-16'),
(17030, 277, 64, '2022-06-16'),
(17032, 304, 64, '2022-06-16'),
(17034, 218, 25, '2019-01-09'),
(17039, 190, 25, '2019-01-09'),
(17046, 886, 60, '2020-07-27'),
(17048, 722, 31, '2020-11-01'),
(17049, 52, 31, '2020-11-01'),
(17054, 371, 31, '2020-11-01'),
(17057, 1136, 65, '2019-04-01'),
(17063, 986, 32, '2020-05-01'),
(17066, 395, 32, '2020-05-01'),
(17074, 1054, 64, '2021-06-14'),
(17075, 374, 64, '2021-06-14'),
(17077, 32, 64, '2021-06-14'),
(17080, 1768, 38, '2021-10-19'),
(17081, 64, 38, '2021-10-19'),
(17082, 846, 38, '2021-10-19'),
(17086, 1985, 14, '2022-04-01'),
(17089, 314, 14, '2022-04-01'),
(17090, 288, 14, '2022-04-01'),
(17093, 694, 14, '2022-04-01'),
(17095, 312, 9, '2022-06-02'),
(17097, 1625, 9, '2022-06-02'),
(17098, 1257, 57, '2020-07-02'),
(17101, 1372, 57, '2020-07-02'),
(17102, 2062, 57, '2020-07-02'),
(17109, 50, 51, '2020-07-01'),
(17110, 1740, 51, '2020-07-01'),
(17111, 129, 51, '2020-07-01'),
(17113, 210, 51, '2020-07-01'),
(17114, 1421, 51, '2020-07-01'),
(17122, 67, 46, '2022-05-17'),
(17127, 758, 44, '2019-06-24'),
(17139, 2052, 39, '2021-01-23'),
(17141, 568, 39, '2021-01-23'),
(17142, 340, 41, '2019-01-10'),
(17143, 64, 41, '2019-01-10'),
(17147, 225, 41, '2019-01-10'),
(17148, 104, 12, '2021-03-22'),
(17149, 324, 12, '2021-03-22'),
(17150, 795, 12, '2021-03-22'),
(17152, 443, 12, '2021-03-22'),
(17156, 1695, 45, '2021-02-05'),
(17159, 1879, 45, '2021-02-05'),
(17160, 1364, 16, '2021-12-16'),
(17161, 1993, 16, '2021-12-16'),
(17162, 86, 16, '2021-12-16'),
(17166, 718, 16, '2021-12-16'),
(17168, 237, 2, '2021-11-16'),
(17170, 1356, 50, '2019-01-24'),
(17171, 1781, 50, '2019-01-24'),
(17172, 1885, 50, '2019-01-24'),
(17173, 1020, 50, '2019-01-24'),
(17175, 9, 4, '2019-09-21'),
(17180, 100, 57, '2019-09-21'),
(17181, 276, 57, '2019-09-21'),
(17186, 292, 8, '2020-08-25'),
(17187, 246, 8, '2020-08-25'),
(17188, 896, 8, '2020-08-25'),
(17189, 443, 8, '2020-08-25'),
(17191, 407, 41, '2021-10-16'),
(17192, 1948, 31, '2021-05-09'),
(17194, 174, 31, '2021-05-09'),
(17197, 1120, 31, '2019-06-10'),
(17200, 1763, 25, '2019-09-08'),
(17207, 350, 61, '2021-07-27'),
(17208, 1790, 61, '2021-07-27'),
(17212, 1004, 61, '2021-07-27'),
(17214, 100, 61, '2021-07-27'),
(17218, 1195, 2, '2022-06-26'),
(17219, 1248, 2, '2022-06-26'),
(17220, 1123, 2, '2022-06-26'),
(17226, 767, 51, '2022-10-04'),
(17229, 287, 51, '2022-10-04'),
(17233, 868, 11, '2022-09-16'),
(17235, 759, 11, '2022-09-16'),
(17236, 266, 11, '2022-09-16'),
(17239, 329, 2, '2019-01-11'),
(17243, 1389, 2, '2019-01-11'),
(17245, 1735, 2, '2019-01-11'),
(17248, 1126, 60, '2020-08-13'),
(17249, 295, 60, '2020-08-13'),
(17251, 212, 60, '2020-08-13'),
(17253, 1021, 60, '2020-08-13'),
(17256, 1625, 11, '2019-01-06'),
(17259, 155, 11, '2019-01-06'),
(17264, 34, 23, '2022-04-05'),
(17268, 346, 23, '2022-04-05'),
(17273, 279, 53, '2019-07-23'),
(17274, 206, 53, '2019-07-23'),
(17277, 1955, 20, '2019-04-05'),
(17280, 1021, 20, '2019-04-05'),
(17281, 1376, 20, '2019-04-05'),
(17282, 384, 20, '2019-04-05'),
(17283, 1883, 6, '2022-03-15'),
(17290, 794, 6, '2022-03-15'),
(17294, 700, 65, '2019-03-14'),
(17295, 281, 65, '2019-03-14'),
(17298, 1229, 57, '2020-11-16'),
(17300, 331, 9, '2022-01-03'),
(17301, 351, 9, '2022-01-03'),
(17305, 379, 52, '2021-09-22'),
(17306, 701, 52, '2021-09-22'),
(17308, 67, 52, '2021-09-22'),
(17309, 1808, 52, '2021-09-22'),
(17313, 1248, 7, '2020-02-25'),
(17316, 189, 27, '2021-02-20'),
(17317, 267, 27, '2021-02-20'),
(17318, 276, 27, '2021-02-20'),
(17319, 302, 27, '2021-02-20'),
(17324, 564, 33, '2019-05-08'),
(17326, 222, 33, '2019-05-08'),
(17327, 865, 18, '2020-08-04'),
(17330, 256, 18, '2020-08-04'),
(17334, 362, 18, '2020-08-04'),
(17336, 356, 27, '2019-07-02'),
(17338, 1771, 27, '2019-07-02'),
(17353, 762, 49, '2022-06-03'),
(17357, 1383, 49, '2022-06-03'),
(17359, 147, 35, '2022-07-09'),
(17361, 53, 35, '2022-07-09'),
(17362, 240, 35, '2022-07-09'),
(17365, 1180, 35, '2022-07-09'),
(17370, 1851, 19, '2022-10-14'),
(17371, 159, 19, '2022-10-14'),
(17373, 388, 19, '2022-10-14'),
(17375, 844, 19, '2022-10-14'),
(17377, 1371, 60, '2021-12-19'),
(17379, 1108, 60, '2021-12-19'),
(17384, 185, 5, '2020-01-09'),
(17390, 1059, 29, '2021-07-03'),
(17391, 1627, 29, '2021-07-03'),
(17393, 135, 29, '2021-07-03'),
(17395, 195, 37, '2021-01-07'),
(17398, 698, 37, '2021-01-07'),
(17400, 1115, 37, '2021-01-07'),
(17405, 1885, 12, '2022-06-01'),
(17409, 92, 12, '2022-06-01'),
(17422, 13, 31, '2020-04-02'),
(17425, 244, 31, '2020-04-02'),
(17439, 1878, 41, '2019-10-02'),
(17441, 309, 41, '2019-10-02'),
(17446, 1004, 23, '2019-05-10'),
(17448, 1402, 23, '2019-05-10'),
(17453, 189, 9, '2022-05-21'),
(17458, 231, 34, '2022-06-14'),
(17459, 190, 34, '2022-06-14'),
(17466, 990, 57, '2019-03-09'),
(17468, 8, 8, '2020-03-15'),
(17470, 24, 8, '2020-03-15'),
(17472, 578, 8, '2020-03-15'),
(17476, 289, 3, '2020-05-04'),
(17477, 1373, 3, '2020-05-04'),
(17482, 350, 9, '2022-12-12'),
(17484, 104, 9, '2022-12-12'),
(17485, 133, 9, '2022-12-12'),
(17487, 362, 9, '2022-12-12'),
(17490, 146, 15, '2022-11-17'),
(17492, 376, 15, '2022-11-17'),
(17494, 111, 15, '2022-11-17'),
(17495, 1132, 15, '2022-11-17'),
(17496, 87, 15, '2022-11-17'),
(17503, 881, 6, '2022-11-19'),
(17508, 148, 35, '2019-09-04'),
(17509, 1696, 35, '2019-09-04'),
(17512, 1090, 7, '2022-07-19'),
(17515, 140, 7, '2022-07-19'),
(17517, 1785, 15, '2021-03-02'),
(17518, 2150, 15, '2021-03-02'),
(17521, 1224, 15, '2021-03-02'),
(17525, 1228, 15, '2021-03-02'),
(17528, 366, 55, '2022-05-01'),
(17534, 344, 19, '2020-06-13'),
(17537, 378, 19, '2020-06-13'),
(17540, 934, 49, '2020-02-05'),
(17541, 1116, 49, '2020-02-05'),
(17542, 239, 49, '2020-02-05'),
(17546, 1723, 49, '2020-02-05'),
(17547, 360, 49, '2020-02-05'),
(17554, 528, 62, '2020-01-15'),
(17556, 164, 62, '2020-01-15'),
(17559, 700, 53, '2019-04-03'),
(17561, 881, 53, '2019-04-03'),
(17563, 252, 2, '2021-02-03'),
(17565, 233, 2, '2021-02-03'),
(17567, 1016, 15, '2022-08-07'),
(17571, 1221, 15, '2022-08-07'),
(17574, 121, 48, '2021-12-21'),
(17580, 47, 23, '2019-05-18'),
(17583, 764, 23, '2019-05-18'),
(17587, 165, 55, '2020-08-10'),
(17588, 1885, 39, '2020-12-26'),
(17589, 1121, 39, '2020-12-26'),
(17590, 1249, 39, '2020-12-26'),
(17591, 248, 13, '2019-03-09'),
(17592, 366, 13, '2019-03-09'),
(17593, 1955, 13, '2019-03-09'),
(17595, 255, 3, '2021-02-25'),
(17600, 1389, 3, '2021-02-25'),
(17602, 1140, 15, '2020-05-26'),
(17603, 117, 10, '2020-06-11'),
(17604, 756, 10, '2020-06-11'),
(17611, 1363, 27, '2021-06-03'),
(17612, 366, 27, '2021-06-03'),
(17614, 1990, 27, '2021-06-03'),
(17615, 1376, 27, '2021-06-03'),
(17616, 980, 27, '2021-06-03'),
(17617, 1204, 27, '2021-06-03'),
(17621, 722, 37, '2019-10-13'),
(17622, 333, 37, '2019-10-13'),
(17624, 1058, 37, '2019-10-13'),
(17628, 244, 37, '2019-10-13'),
(17629, 215, 22, '2019-05-06'),
(17630, 242, 22, '2019-05-06'),
(17642, 203, 13, '2021-05-27'),
(17645, 39, 37, '2021-07-28'),
(17648, 153, 47, '2021-04-20'),
(17650, 369, 47, '2021-04-20'),
(17659, 158, 22, '2021-03-17'),
(17660, 232, 22, '2021-03-17'),
(17664, 268, 22, '2021-03-17'),
(17667, 2070, 9, '2022-11-19'),
(17670, 80, 9, '2022-11-19'),
(17676, 1209, 30, '2019-08-11'),
(17677, 227, 13, '2019-08-16'),
(17678, 757, 13, '2019-08-16'),
(17680, 2131, 13, '2019-08-16'),
(17682, 694, 13, '2019-08-16'),
(17683, 275, 13, '2019-08-16'),
(17687, 28, 47, '2019-10-10'),
(17690, 916, 30, '2022-10-11'),
(17691, 202, 30, '2022-10-11'),
(17693, 1203, 30, '2022-10-11'),
(17694, 123, 30, '2022-10-11'),
(17697, 155, 10, '2021-08-25'),
(17698, 355, 10, '2021-08-25'),
(17711, 219, 23, '2021-02-06'),
(17712, 693, 23, '2021-02-06'),
(17715, 1008, 23, '2021-02-06'),
(17737, 195, 15, '2020-11-14'),
(17738, 720, 15, '2020-11-14'),
(17742, 1793, 7, '2021-09-15'),
(17748, 967, 59, '2020-09-07'),
(17749, 244, 59, '2020-09-07'),
(17752, 1090, 56, '2020-03-10'),
(17758, 124, 66, '2022-07-23'),
(17760, 1224, 66, '2022-07-23'),
(17761, 1983, 66, '2022-07-23'),
(17767, 287, 32, '2021-02-13'),
(17768, 59, 32, '2021-02-13'),
(17771, 1776, 32, '2021-02-13'),
(17775, 143, 22, '2022-12-24'),
(17780, 1747, 22, '2022-12-24'),
(17783, 188, 20, '2020-09-16'),
(17798, 1742, 61, '2020-02-17'),
(17803, 58, 61, '2020-02-17'),
(17810, 241, 34, '2021-10-17'),
(17812, 1378, 34, '2021-10-17'),
(17813, 721, 34, '2021-10-17'),
(17814, 1109, 34, '2021-10-17'),
(17815, 1136, 34, '2021-10-17'),
(17816, 121, 34, '2022-05-02'),
(17818, 2070, 34, '2022-05-02'),
(17827, 1833, 45, '2019-10-05'),
(17830, 985, 45, '2019-10-05'),
(17832, 1118, 3, '2022-06-24'),
(17838, 166, 3, '2022-06-24'),
(17841, 1016, 52, '2021-07-10'),
(17842, 1402, 52, '2021-07-10'),
(17845, 1381, 52, '2021-07-10'),
(17846, 117, 52, '2021-07-10'),
(17850, 1121, 65, '2020-12-08'),
(17852, 2039, 65, '2020-12-08'),
(17856, 53, 13, '2019-02-26'),
(17859, 1060, 13, '2019-02-26'),
(17867, 145, 66, '2022-07-18'),
(17870, 248, 46, '2020-08-22'),
(17872, 36, 4, '2019-12-26'),
(17874, 435, 47, '2019-05-06'),
(17879, 111, 46, '2019-05-02'),
(17880, 69, 46, '2019-05-02'),
(17881, 189, 46, '2019-05-02'),
(17882, 1733, 46, '2019-05-02'),
(17885, 794, 46, '2019-05-02'),
(17886, 1196, 11, '2020-05-15'),
(17888, 102, 11, '2020-05-15'),
(17889, 972, 11, '2020-05-15'),
(17897, 219, 49, '2022-06-21'),
(17898, 203, 49, '2022-06-21'),
(17900, 84, 6, '2022-08-24'),
(17902, 114, 6, '2022-08-24'),
(17904, 1797, 6, '2022-08-24'),
(17905, 236, 6, '2022-08-24'),
(17907, 381, 6, '2022-08-24'),
(17911, 18, 7, '2021-07-10'),
(17912, 1366, 7, '2021-07-10'),
(17913, 1356, 7, '2021-07-10'),
(17915, 372, 20, '2020-06-24'),
(17919, 1117, 20, '2020-06-24'),
(17920, 18, 20, '2020-06-24'),
(17922, 1373, 20, '2020-06-24'),
(17925, 1226, 62, '2021-05-03'),
(17933, 563, 35, '2019-08-05'),
(17934, 2080, 35, '2019-08-05'),
(17937, 389, 7, '2020-07-09'),
(17939, 2069, 47, '2022-08-07'),
(17940, 139, 47, '2022-08-07'),
(17945, 185, 27, '2021-05-28'),
(17947, 88, 27, '2021-05-28'),
(17948, 1884, 27, '2021-05-28'),
(17949, 1137, 27, '2021-05-28'),
(17955, 2000, 57, '2021-06-12'),
(17959, 356, 57, '2021-06-12'),
(17960, 1915, 57, '2021-06-12'),
(17962, 844, 59, '2019-10-13'),
(17966, 379, 59, '2019-10-13'),
(17967, 233, 59, '2019-10-13'),
(17970, 1248, 19, '2021-01-22'),
(17971, 177, 19, '2021-01-22'),
(17972, 809, 19, '2021-01-22'),
(17973, 200, 19, '2021-01-22'),
(17981, 189, 3, '2022-01-08'),
(17987, 295, 38, '2021-08-16'),
(17991, 16, 38, '2021-08-16'),
(17993, 599, 38, '2021-08-16'),
(17998, 1232, 27, '2021-07-28'),
(17999, 865, 27, '2021-07-28'),
(18000, 53, 27, '2021-07-28'),
(18003, 80, 27, '2021-07-28'),
(18007, 1131, 47, '2020-07-08'),
(18009, 217, 47, '2020-07-08'),
(18011, 266, 56, '2020-12-16'),
(18012, 27, 56, '2020-12-16'),
(18013, 162, 56, '2020-12-16'),
(18014, 1113, 56, '2020-12-16'),
(18018, 131, 56, '2020-12-16'),
(18024, 1206, 41, '2020-12-12'),
(18025, 377, 41, '2020-12-12'),
(18026, 345, 41, '2020-12-12'),
(18030, 277, 41, '2020-12-12'),
(18039, 1357, 51, '2020-04-02'),
(18043, 1010, 51, '2020-04-02'),
(18044, 1378, 51, '2020-04-02'),
(18046, 719, 10, '2021-11-14'),
(18048, 1833, 10, '2021-11-14'),
(18049, 1747, 10, '2021-11-14'),
(18050, 723, 10, '2021-11-14'),
(18053, 176, 10, '2021-11-14'),
(18054, 1107, 62, '2021-03-16'),
(18057, 1369, 62, '2021-03-16'),
(18058, 1200, 26, '2022-01-14'),
(18060, 108, 26, '2022-01-14'),
(18066, 142, 26, '2022-01-14'),
(18076, 34, 39, '2022-03-05'),
(18083, 1204, 11, '2020-11-14'),
(18087, 2080, 35, '2019-12-13'),
(18088, 111, 35, '2019-12-13'),
(18089, 1430, 35, '2019-12-13'),
(18091, 298, 45, '2020-06-07'),
(18094, 239, 45, '2020-06-07'),
(18095, 1040, 48, '2021-12-28'),
(18096, 106, 48, '2021-12-28'),
(18097, 75, 48, '2021-12-28'),
(18098, 280, 48, '2021-12-28'),
(18108, 1735, 12, '2019-03-12'),
(18111, 1993, 41, '2019-02-15'),
(18112, 1390, 41, '2019-02-15'),
(18113, 1085, 41, '2019-02-15'),
(18115, 358, 41, '2019-02-15'),
(18117, 363, 41, '2019-02-15'),
(18118, 1203, 41, '2019-02-15'),
(18120, 1084, 41, '2019-02-15'),
(18121, 766, 24, '2019-12-08'),
(18122, 578, 24, '2019-12-08'),
(18123, 1180, 24, '2019-12-08'),
(18127, 796, 24, '2019-12-08'),
(18128, 718, 24, '2019-12-08'),
(18129, 795, 16, '2022-05-22'),
(18133, 70, 55, '2020-05-08'),
(18136, 340, 45, '2020-08-03'),
(18141, 109, 65, '2020-11-05'),
(18146, 1391, 65, '2020-11-05'),
(18147, 1371, 65, '2020-11-05'),
(18153, 112, 66, '2022-01-26'),
(18160, 1857, 11, '2021-07-26'),
(18161, 260, 11, '2021-07-26'),
(18163, 334, 36, '2020-11-15'),
(18164, 1384, 36, '2020-11-15'),
(18166, 140, 36, '2020-11-15'),
(18168, 304, 52, '2020-02-22'),
(18169, 1720, 52, '2020-02-22'),
(18172, 865, 52, '2020-02-22'),
(18174, 353, 30, '2020-08-16'),
(18176, 763, 30, '2020-08-16'),
(18184, 202, 57, '2020-02-21'),
(18185, 1733, 10, '2019-05-14'),
(18194, 1058, 12, '2021-02-01'),
(18195, 392, 59, '2019-01-18'),
(18202, 13, 59, '2019-01-18'),
(18207, 227, 26, '2021-04-02'),
(18210, 100, 26, '2021-04-02'),
(18211, 1108, 26, '2021-04-02'),
(18212, 759, 26, '2021-04-02'),
(18214, 1789, 50, '2020-07-17'),
(18216, 1741, 50, '2020-07-17'),
(18220, 1398, 50, '2020-07-17'),
(18221, 335, 60, '2020-07-18'),
(18225, 1841, 60, '2020-07-18'),
(18226, 2019, 47, '2020-04-09'),
(18228, 1120, 47, '2020-04-09'),
(18231, 316, 47, '2020-04-09'),
(18232, 978, 47, '2020-04-09'),
(18233, 1184, 47, '2020-04-09'),
(18244, 1105, 13, '2020-11-04'),
(18246, 699, 13, '2020-11-04'),
(18249, 9, 13, '2020-11-04'),
(18259, 176, 20, '2021-03-27'),
(18260, 436, 20, '2021-03-27'),
(18265, 1385, 46, '2020-06-13'),
(18267, 1199, 6, '2020-09-21'),
(18270, 808, 6, '2020-09-21'),
(18272, 1808, 6, '2020-09-21'),
(18273, 283, 33, '2022-06-13'),
(18276, 1218, 33, '2022-06-13'),
(18277, 1723, 33, '2022-06-13'),
(18280, 19, 16, '2020-06-23'),
(18290, 195, 31, '2021-02-10'),
(18292, 1885, 18, '2021-08-10'),
(18294, 1406, 18, '2021-08-10'),
(18295, 105, 18, '2021-08-10'),
(18297, 757, 18, '2021-08-10'),
(18305, 289, 59, '2020-08-22'),
(18306, 2101, 59, '2020-08-22'),
(18310, 76, 59, '2020-08-22'),
(18313, 246, 41, '2019-08-02'),
(18316, 229, 41, '2019-08-02'),
(18317, 107, 41, '2019-08-02'),
(18318, 1720, 41, '2019-08-02'),
(18319, 27, 41, '2019-08-02'),
(18320, 1656, 41, '2019-08-02'),
(18327, 62, 57, '2021-11-02'),
(18328, 315, 57, '2021-11-02'),
(18329, 976, 7, '2022-03-11'),
(18336, 1017, 46, '2020-04-27'),
(18340, 1088, 46, '2020-04-27'),
(18342, 49, 46, '2020-04-27'),
(18343, 1629, 10, '2021-05-26'),
(18344, 394, 10, '2021-05-26'),
(18345, 1987, 10, '2021-05-26'),
(18351, 953, 59, '2022-09-13'),
(18353, 407, 59, '2022-09-13'),
(18354, 370, 46, '2022-07-16'),
(18355, 985, 46, '2022-07-16'),
(18358, 1376, 46, '2022-07-16'),
(18362, 1040, 27, '2019-10-23'),
(18368, 319, 27, '2019-10-23'),
(18369, 844, 27, '2019-10-23'),
(18371, 27, 49, '2019-07-10'),
(18374, 1740, 20, '2020-01-27'),
(18376, 935, 20, '2020-01-27'),
(18379, 268, 20, '2020-01-27'),
(18382, 511, 20, '2020-01-27'),
(18384, 1367, 64, '2021-08-10'),
(18385, 342, 64, '2021-08-10'),
(18386, 254, 64, '2021-08-10'),
(18388, 200, 25, '2022-09-05'),
(18390, 169, 25, '2022-09-05'),
(18391, 952, 25, '2022-09-05'),
(18394, 1126, 25, '2022-09-05'),
(18397, 151, 60, '2021-09-09'),
(18401, 103, 60, '2021-09-09'),
(18402, 1198, 60, '2021-09-09'),
(18408, 509, 29, '2022-09-28'),
(18411, 694, 29, '2022-09-28'),
(18412, 76, 29, '2022-09-28'),
(18413, 2128, 29, '2022-09-28'),
(18418, 117, 32, '2021-08-19'),
(18422, 2103, 32, '2021-08-19'),
(18424, 1139, 59, '2019-02-15'),
(18426, 839, 59, '2019-02-15'),
(18427, 214, 59, '2019-02-15'),
(18428, 1124, 28, '2021-01-28'),
(18433, 191, 28, '2021-01-28'),
(18441, 161, 1, '2022-05-02'),
(18442, 755, 1, '2022-05-02'),
(18443, 1108, 1, '2022-05-02'),
(18446, 304, 18, '2021-07-08'),
(18449, 1132, 18, '2021-07-08'),
(18451, 723, 18, '2021-07-08'),
(18452, 1374, 18, '2021-07-08'),
(18453, 135, 18, '2021-07-08'),
(18455, 321, 18, '2021-07-08'),
(18457, 68, 25, '2020-07-05'),
(18468, 1140, 7, '2019-02-02'),
(18473, 259, 20, '2022-01-07'),
(18478, 320, 11, '2021-10-11'),
(18479, 1720, 11, '2021-10-11'),
(18488, 1195, 30, '2022-07-21'),
(18489, 2039, 30, '2022-07-21'),
(18492, 844, 16, '2020-02-26'),
(18493, 1788, 16, '2020-02-26'),
(18497, 278, 2, '2021-03-24'),
(18504, 186, 47, '2021-05-18'),
(18505, 393, 47, '2021-05-18'),
(18508, 1986, 10, '2019-02-02'),
(18512, 183, 10, '2019-02-02'),
(18514, 886, 10, '2019-02-02'),
(18516, 66, 33, '2021-06-08'),
(18517, 1197, 33, '2021-06-08'),
(18518, 284, 33, '2021-06-08'),
(18519, 1063, 33, '2021-06-08'),
(18522, 1056, 15, '2019-06-21'),
(18523, 188, 15, '2019-06-21'),
(18529, 96, 59, '2019-11-24'),
(18530, 66, 59, '2019-11-24'),
(18535, 264, 30, '2022-02-18'),
(18543, 342, 25, '2021-08-14'),
(18544, 172, 25, '2021-08-14'),
(18545, 1140, 25, '2021-08-14'),
(18546, 177, 25, '2021-08-14'),
(18548, 1959, 25, '2021-08-14'),
(18550, 1986, 20, '2021-12-06'),
(18558, 1857, 56, '2021-10-04'),
(18559, 353, 56, '2021-10-04'),
(18560, 657, 56, '2021-10-04'),
(18561, 190, 56, '2021-10-04'),
(18563, 407, 51, '2019-08-10'),
(18564, 54, 51, '2019-08-10'),
(18566, 1212, 51, '2019-08-10'),
(18567, 199, 51, '2019-08-10'),
(18568, 1107, 18, '2021-05-11'),
(18569, 254, 18, '2021-05-11'),
(18570, 976, 18, '2021-05-11'),
(18578, 267, 20, '2020-09-14'),
(18579, 391, 9, '2019-11-02'),
(18580, 1043, 9, '2019-11-02'),
(18581, 258, 9, '2019-11-02'),
(18583, 393, 9, '2019-11-02'),
(18585, 953, 9, '2019-11-02'),
(18589, 336, 48, '2022-01-04'),
(18597, 5, 56, '2021-05-21'),
(18602, 52, 56, '2021-05-21'),
(18603, 749, 56, '2021-05-21'),
(18608, 189, 30, '2019-10-06'),
(18610, 18, 30, '2019-10-06'),
(18616, 172, 30, '2019-10-06'),
(18619, 1085, 32, '2021-04-15'),
(18622, 762, 53, '2020-12-18'),
(18625, 5, 53, '2020-12-18'),
(18626, 761, 53, '2020-12-18'),
(18627, 277, 53, '2020-12-18'),
(18631, 54, 8, '2022-02-14'),
(18632, 111, 8, '2022-02-14'),
(18639, 96, 26, '2019-12-21'),
(18646, 1841, 27, '2020-12-15'),
(18647, 38, 27, '2020-12-15'),
(18648, 352, 27, '2020-12-15'),
(18649, 1122, 27, '2020-12-15'),
(18657, 32, 53, '2020-11-24'),
(18658, 435, 53, '2020-11-24'),
(18664, 498, 52, '2020-02-16'),
(18665, 309, 52, '2020-02-16'),
(18667, 49, 35, '2019-01-13'),
(18668, 1087, 35, '2019-01-13'),
(18669, 1362, 35, '2019-01-13'),
(18671, 436, 6, '2019-04-28'),
(18672, 85, 6, '2019-04-28'),
(18678, 1929, 6, '2019-04-28'),
(18680, 220, 6, '2019-04-28');
COMMIT;

/*!40101 SET CHARACTER_SET_CLIENT=@OLD_CHARACTER_SET_CLIENT */;
/*!40101 SET CHARACTER_SET_RESULTS=@OLD_CHARACTER_SET_RESULTS */;
/*!40101 SET COLLATION_CONNECTION=@OLD_COLLATION_CONNECTION */;
